insert into utilizador(id, nome, password, contacto, email, is_admin) values(11, 'Bernardo', 'abc123', 964765912, 'jbcl@gmail.com', TRUE);
insert into utilizador(id, nome, password, contacto, email, is_admin) values(12, 'Nuno', 'asdasd', 961264248, 'nms@gmail.com', FALSE);

INSERT INTO public.equipa (id, derrotas, empates, imagem, nome, vitorias) VALUES (3, 0, 0, 'https://media.api-sports.io/football/teams/33.png', 'Manchester United', 0);
INSERT INTO public.equipa (id, derrotas, empates, imagem, nome, vitorias) VALUES (4, 0, 0, 'https://media.api-sports.io/football/teams/34.png', 'Newcastle', 0);
INSERT INTO public.equipa (id, derrotas, empates, imagem, nome, vitorias) VALUES (5, 0, 0, 'https://media.api-sports.io/football/teams/38.png', 'Watford', 0);
INSERT INTO public.equipa (id, derrotas, empates, imagem, nome, vitorias) VALUES (6, 0, 0, 'https://media.api-sports.io/football/teams/39.png', 'Wolves', 0);
INSERT INTO public.equipa (id, derrotas, empates, imagem, nome, vitorias) VALUES (7, 0, 0, 'https://media.api-sports.io/football/teams/40.png', 'Liverpool', 0);
INSERT INTO public.equipa (id, derrotas, empates, imagem, nome, vitorias) VALUES (8, 0, 0, 'https://media.api-sports.io/football/teams/41.png', 'Southampton', 0);
INSERT INTO public.equipa (id, derrotas, empates, imagem, nome, vitorias) VALUES (9, 0, 0, 'https://media.api-sports.io/football/teams/42.png', 'Arsenal', 0);
INSERT INTO public.equipa (id, derrotas, empates, imagem, nome, vitorias) VALUES (10, 0, 0, 'https://media.api-sports.io/football/teams/44.png', 'Burnley', 0);
INSERT INTO public.equipa (id, derrotas, empates, imagem, nome, vitorias) VALUES (11, 0, 0, 'https://media.api-sports.io/football/teams/45.png', 'Everton', 0);
INSERT INTO public.equipa (id, derrotas, empates, imagem, nome, vitorias) VALUES (12, 0, 0, 'https://media.api-sports.io/football/teams/46.png', 'Leicester', 0);
INSERT INTO public.equipa (id, derrotas, empates, imagem, nome, vitorias) VALUES (13, 0, 0, 'https://media.api-sports.io/football/teams/47.png', 'Tottenham', 0);
INSERT INTO public.equipa (id, derrotas, empates, imagem, nome, vitorias) VALUES (14, 0, 0, 'https://media.api-sports.io/football/teams/48.png', 'West Ham', 0);
INSERT INTO public.equipa (id, derrotas, empates, imagem, nome, vitorias) VALUES (15, 0, 0, 'https://media.api-sports.io/football/teams/49.png', 'Chelsea', 0);
INSERT INTO public.equipa (id, derrotas, empates, imagem, nome, vitorias) VALUES (16, 0, 0, 'https://media.api-sports.io/football/teams/50.png', 'Manchester City', 0);
INSERT INTO public.equipa (id, derrotas, empates, imagem, nome, vitorias) VALUES (17, 0, 0, 'https://media.api-sports.io/football/teams/51.png', 'Brighton', 0);
INSERT INTO public.equipa (id, derrotas, empates, imagem, nome, vitorias) VALUES (18, 0, 0, 'https://media.api-sports.io/football/teams/52.png', 'Crystal Palace', 0);
INSERT INTO public.equipa (id, derrotas, empates, imagem, nome, vitorias) VALUES (19, 0, 0, 'https://media.api-sports.io/football/teams/55.png', 'Brentford', 0);
INSERT INTO public.equipa (id, derrotas, empates, imagem, nome, vitorias) VALUES (20, 0, 0, 'https://media.api-sports.io/football/teams/63.png', 'Leeds', 0);
INSERT INTO public.equipa (id, derrotas, empates, imagem, nome, vitorias) VALUES (21, 0, 0, 'https://media.api-sports.io/football/teams/66.png', 'Aston Villa', 0);
INSERT INTO public.equipa (id, derrotas, empates, imagem, nome, vitorias) VALUES (22, 0, 0, 'https://media.api-sports.io/football/teams/71.png', 'Norwich', 0);


INSERT INTO public.jogador (id, data_nascimento, nome, posicao, equipa_id) VALUES (23, '1999-10-15 12:14:01.486', 'Benjamin Luke Woodburn', 'Attacker', 7);
INSERT INTO public.jogador (id, data_nascimento, nome, posicao, equipa_id) VALUES (24, '1997-06-05 12:14:01.507', 'K. Tierney', 'Defender', 9);
INSERT INTO public.jogador (id, data_nascimento, nome, posicao, equipa_id) VALUES (25, '1992-03-04 12:14:01.512', 'Bernd Leno', 'Goalkeeper', 9);
INSERT INTO public.jogador (id, data_nascimento, nome, posicao, equipa_id) VALUES (26, '1995-09-20 12:14:01.516', 'R. Holding', 'Defender', 9);
INSERT INTO public.jogador (id, data_nascimento, nome, posicao, equipa_id) VALUES (27, '1989-09-08 12:14:01.521', 'G. Sigur├░sson', 'Midfielder', 11);
INSERT INTO public.jogador (id, data_nascimento, nome, posicao, equipa_id) VALUES (28, '1995-07-02 12:14:01.525', 'Marc Navarro', 'Defender', 5);
INSERT INTO public.jogador (id, data_nascimento, nome, posicao, equipa_id) VALUES (29, '1999-05-08 12:14:01.529', 'Luka Ra─ìi─ç', 'Defender', 19);
INSERT INTO public.jogador (id, data_nascimento, nome, posicao, equipa_id) VALUES (30, '2001-02-13 12:14:01.533', 'Jan ┼¢amb┼»rek', 'Midfielder', 19);
INSERT INTO public.jogador (id, data_nascimento, nome, posicao, equipa_id) VALUES (31, '1996-09-20 12:14:01.537', 'J. Sinclair', 'Attacker', 5);
INSERT INTO public.jogador (id, data_nascimento, nome, posicao, equipa_id) VALUES (32, '2001-01-05 12:14:01.54', 'Ellis Reco Simms', 'Attacker', 11);
INSERT INTO public.jogador (id, data_nascimento, nome, posicao, equipa_id) VALUES (33, '1999-09-23 12:14:01.543', 'Thomas David  Allan', 'Attacker', 4);
INSERT INTO public.jogador (id, data_nascimento, nome, posicao, equipa_id) VALUES (34, '2002-09-16 12:14:01.546', 'Thomas Dickson-Peters', 'Midfielder', 22);
INSERT INTO public.jogador (id, data_nascimento, nome, posicao, equipa_id) VALUES (35, '2003-01-15 12:14:01.549', 'Christian Fernandes Marques', 'Defender', 6);
INSERT INTO public.jogador (id, data_nascimento, nome, posicao, equipa_id) VALUES (36, '2001-04-02 12:14:01.552', 'Vontae Daley-Campbell', 'Defender', 12);
INSERT INTO public.jogador (id, data_nascimento, nome, posicao, equipa_id) VALUES (37, '2001-02-25 12:14:01.556', 'Mads Bidstrup', 'Midfielder', 19);
INSERT INTO public.jogador (id, data_nascimento, nome, posicao, equipa_id) VALUES (38, '2000-01-15 12:14:01.56', 'Joseph Oluwagbemiga Mayowa  Hungbo', 'Midfielder', 5);
INSERT INTO public.jogador (id, data_nascimento, nome, posicao, equipa_id) VALUES (39, '2002-01-25 12:14:01.564', 'Chigozier Caleb Chukwuemeka', 'Attacker', 21);
INSERT INTO public.jogador (id, data_nascimento, nome, posicao, equipa_id) VALUES (40, '2001-09-09 12:14:01.568', 'A. Okonkwo', 'Goalkeeper', 9);
INSERT INTO public.jogador (id, data_nascimento, nome, posicao, equipa_id) VALUES (41, NULL, 'J. Danns', 'Midfielder', 7);
INSERT INTO public.jogador (id, data_nascimento, nome, posicao, equipa_id) VALUES (42, '2002-12-26 12:14:01.574', 'Kamil Conteh', 'Midfielder', 5);
INSERT INTO public.jogador (id, data_nascimento, nome, posicao, equipa_id) VALUES (43, '1993-06-13 12:14:01.66', 'T. Partey', 'Midfielder', 9);
INSERT INTO public.jogador (id, data_nascimento, nome, posicao, equipa_id) VALUES (44, '1991-08-31 12:14:01.664', 'C├®dric Soares', 'Defender', 9);
INSERT INTO public.jogador (id, data_nascimento, nome, posicao, equipa_id) VALUES (45, '2000-07-28 12:14:01.667', 'E. Smith Rowe', 'Midfielder', 9);
INSERT INTO public.jogador (id, data_nascimento, nome, posicao, equipa_id) VALUES (46, '1999-10-22 12:14:01.669', 'A. Lokonga', 'Midfielder', 9);
INSERT INTO public.jogador (id, data_nascimento, nome, posicao, equipa_id) VALUES (47, '1991-05-28 12:14:01.672', 'Alexandre Lacazette', 'Attacker', 9);
INSERT INTO public.jogador (id, data_nascimento, nome, posicao, equipa_id) VALUES (48, '1999-05-30 12:14:01.675', 'E. Nketiah', 'Attacker', 9);
INSERT INTO public.jogador (id, data_nascimento, nome, posicao, equipa_id) VALUES (49, '1998-11-05 12:14:01.678', 'T. Tomiyasu', 'Defender', 9);
INSERT INTO public.jogador (id, data_nascimento, nome, posicao, equipa_id) VALUES (50, '1991-08-25 12:14:01.681', 'Luke Ayling', 'Defender', 20);
INSERT INTO public.jogador (id, data_nascimento, nome, posicao, equipa_id) VALUES (51, '2000-03-02 12:14:01.684', 'I. Meslier', 'Goalkeeper', 20);
INSERT INTO public.jogador (id, data_nascimento, nome, posicao, equipa_id) VALUES (52, '2000-11-27 12:14:01.687', 'K. Klaesson', 'Goalkeeper', 20);
INSERT INTO public.jogador (id, data_nascimento, nome, posicao, equipa_id) VALUES (53, '2000-01-26 12:14:01.69', 'Nuno Tavares', 'Defender', 9);
INSERT INTO public.jogador (id, data_nascimento, nome, posicao, equipa_id) VALUES (54, '2000-09-28 12:14:01.693', 'Z. Swanson', 'Midfielder', 9);
INSERT INTO public.jogador (id, data_nascimento, nome, posicao, equipa_id) VALUES (55, '2002-10-20 12:14:01.695', 'M. Ogungbo', 'Defender', 9);
INSERT INTO public.jogador (id, data_nascimento, nome, posicao, equipa_id) VALUES (56, '2002-09-20 12:14:01.698', 'M. Azeez', 'Midfielder', 9);
INSERT INTO public.jogador (id, data_nascimento, nome, posicao, equipa_id) VALUES (57, '2003-08-20 12:14:01.702', 'S. Oulad M&apos;Hand', 'Midfielder', 9);
INSERT INTO public.jogador (id, data_nascimento, nome, posicao, equipa_id) VALUES (58, '2002-10-27 12:14:01.704', 'A. Kirk', 'Defender', 9);
INSERT INTO public.jogador (id, data_nascimento, nome, posicao, equipa_id) VALUES (59, '2003-02-08 12:14:01.707', 'M. Biereth', 'Attacker', 9);
INSERT INTO public.jogador (id, data_nascimento, nome, posicao, equipa_id) VALUES (60, '2004-01-09 12:14:01.709', 'Z. Awe', 'Defender', 9);
INSERT INTO public.jogador (id, data_nascimento, nome, posicao, equipa_id) VALUES (61, '2003-10-29 12:14:01.712', 'O. Giraud-Hutchinson', 'Midfielder', 9);
INSERT INTO public.jogador (id, data_nascimento, nome, posicao, equipa_id) VALUES (62, '2003-10-17 12:14:01.715', 'C. Patino', 'Attacker', 9);
INSERT INTO public.jogador (id, data_nascimento, nome, posicao, equipa_id) VALUES (63, '1991-03-06 12:14:01.798', 'Rodrigo Moreno Machado', 'Attacker', 20);
INSERT INTO public.jogador (id, data_nascimento, nome, posicao, equipa_id) VALUES (64, '1996-08-22 12:14:01.801', 'Junior Firpo', 'Defender', 20);
INSERT INTO public.jogador (id, data_nascimento, nome, posicao, equipa_id) VALUES (65, '2001-03-07 12:14:01.804', 'L. McCarron', 'Midfielder', 20);
INSERT INTO public.jogador (id, data_nascimento, nome, posicao, equipa_id) VALUES (66, '1991-04-19 12:14:01.808', 'S. Dallas', 'Defender', 20);
INSERT INTO public.jogador (id, data_nascimento, nome, posicao, equipa_id) VALUES (67, '1991-10-08 12:14:01.81', 'Adam Forshaw', 'Midfielder', 20);
INSERT INTO public.jogador (id, data_nascimento, nome, posicao, equipa_id) VALUES (68, '1996-11-20 12:14:01.813', 'J. Harrison', 'Midfielder', 20);
INSERT INTO public.jogador (id, data_nascimento, nome, posicao, equipa_id) VALUES (69, '1999-10-08 12:14:01.816', 'J. Shackleton', 'Midfielder', 20);
INSERT INTO public.jogador (id, data_nascimento, nome, posicao, equipa_id) VALUES (70, '1993-09-05 12:14:01.819', 'P. Bamford', 'Attacker', 20);
INSERT INTO public.jogador (id, data_nascimento, nome, posicao, equipa_id) VALUES (71, '1999-01-12 12:14:01.822', 'T. Roberts', 'Attacker', 20);
INSERT INTO public.jogador (id, data_nascimento, nome, posicao, equipa_id) VALUES (72, '2002-05-04 12:14:01.825', 'J. Gelhardt', 'Attacker', 20);
INSERT INTO public.jogador (id, data_nascimento, nome, posicao, equipa_id) VALUES (73, '1996-07-17 12:14:01.827', 'R. Koch', 'Defender', 20);
INSERT INTO public.jogador (id, data_nascimento, nome, posicao, equipa_id) VALUES (74, '2001-10-30 12:14:01.83', 'C. Summerville', 'Attacker', 20);
INSERT INTO public.jogador (id, data_nascimento, nome, posicao, equipa_id) VALUES (75, '2002-09-18 12:14:01.832', 'S. McKinstry', 'Midfielder', 20);
INSERT INTO public.jogador (id, data_nascimento, nome, posicao, equipa_id) VALUES (76, '1999-08-11 12:14:01.839', 'P. Struijk', 'Defender', 20);
INSERT INTO public.jogador (id, data_nascimento, nome, posicao, equipa_id) VALUES (77, '2002-10-28 12:14:01.844', 'L. Bate', 'Midfielder', 20);
INSERT INTO public.jogador (id, data_nascimento, nome, posicao, equipa_id) VALUES (78, '2003-11-13 12:14:01.846', 'K. Moore', 'Defender', 20);
INSERT INTO public.jogador (id, data_nascimento, nome, posicao, equipa_id) VALUES (79, '2002-08-17 12:14:01.85', 'C. Cresswell', 'Defender', 20);
INSERT INTO public.jogador (id, data_nascimento, nome, posicao, equipa_id) VALUES (80, '2002-03-23 12:14:01.853', 'J. Jenkins', 'Midfielder', 20);
INSERT INTO public.jogador (id, data_nascimento, nome, posicao, equipa_id) VALUES (81, '2003-01-10 12:14:01.856', 'N. Kenneh', 'Midfielder', 20);
INSERT INTO public.jogador (id, data_nascimento, nome, posicao, equipa_id) VALUES (82, '2003-08-26 12:14:01.859', 'L. Hjelde', 'Defender', 20);
INSERT INTO public.jogador (id, data_nascimento, nome, posicao, equipa_id) VALUES (83, '1994-01-19 12:14:01.96', 'M. Nakamba', 'Midfielder', 21);
INSERT INTO public.jogador (id, data_nascimento, nome, posicao, equipa_id) VALUES (84, '1985-07-09 12:14:01.963', 'A. Young', 'Defender', 21);
INSERT INTO public.jogador (id, data_nascimento, nome, posicao, equipa_id) VALUES (85, '1994-08-18 12:14:01.966', 'M. Sanson', 'Midfielder', 21);
INSERT INTO public.jogador (id, data_nascimento, nome, posicao, equipa_id) VALUES (86, '1995-08-03 12:14:01.97', 'C. Goode', 'Defender', 19);
INSERT INTO public.jogador (id, data_nascimento, nome, posicao, equipa_id) VALUES (87, '2000-01-27 12:14:01.973', 'M. Gibbs-White', 'Midfielder', 6);
INSERT INTO public.jogador (id, data_nascimento, nome, posicao, equipa_id) VALUES (88, '1995-01-20 12:14:01.976', 'C. Chambers', 'Defender', 21);
INSERT INTO public.jogador (id, data_nascimento, nome, posicao, equipa_id) VALUES (89, '1996-12-25 12:14:01.979', 'E. Buend├¡a', 'Midfielder', 21);
INSERT INTO public.jogador (id, data_nascimento, nome, posicao, equipa_id) VALUES (90, '1995-07-16 12:14:01.982', 'K. Hause', 'Defender', 21);
INSERT INTO public.jogador (id, data_nascimento, nome, posicao, equipa_id) VALUES (91, '1993-03-13 12:14:01.985', 'T. Mings', 'Defender', 21);
INSERT INTO public.jogador (id, data_nascimento, nome, posicao, equipa_id) VALUES (92, '2001-05-28 12:14:01.988', 'J. Ramsey', 'Midfielder', 21);
INSERT INTO public.jogador (id, data_nascimento, nome, posicao, equipa_id) VALUES (93, '1997-10-23 12:14:01.992', 'E. Konsa', 'Defender', 21);
INSERT INTO public.jogador (id, data_nascimento, nome, posicao, equipa_id) VALUES (94, '1995-08-11 12:14:01.996', 'B. Davies', 'Defender', 7);
INSERT INTO public.jogador (id, data_nascimento, nome, posicao, equipa_id) VALUES (95, '1998-05-09 12:14:01.999', 'Douglas Luiz', 'Midfielder', 21);
INSERT INTO public.jogador (id, data_nascimento, nome, posicao, equipa_id) VALUES (96, '2003-10-20 12:14:02.002', 'C. Chukwuemeka', 'Midfielder', 21);
INSERT INTO public.jogador (id, data_nascimento, nome, posicao, equipa_id) VALUES (97, '2002-01-26 12:14:02.005', 'S. Greenwood', 'Attacker', 20);
INSERT INTO public.jogador (id, data_nascimento, nome, posicao, equipa_id) VALUES (98, '2001-10-11 12:14:02.007', 'V. Sinisalo', 'Goalkeeper', 21);
INSERT INTO public.jogador (id, data_nascimento, nome, posicao, equipa_id) VALUES (99, '2004-01-05 12:14:02.01', 'L. Bogarde', 'Midfielder', 21);
INSERT INTO public.jogador (id, data_nascimento, nome, posicao, equipa_id) VALUES (100, '2004-01-06 12:14:02.015', 'S. Swinkels', 'Defender', 21);
INSERT INTO public.jogador (id, data_nascimento, nome, posicao, equipa_id) VALUES (101, '2005-05-06 12:14:02.018', 'J. Feeney', 'Defender', 21);
INSERT INTO public.jogador (id, data_nascimento, nome, posicao, equipa_id) VALUES (102, '2006-03-12 12:14:02.021', 'A. Gray', 'Attacker', 20);
INSERT INTO public.jogador (id, data_nascimento, nome, posicao, equipa_id) VALUES (103, '2000-02-09 12:14:02.109', 'I. Poveda-Ocampo', 'Midfielder', 20);
INSERT INTO public.jogador (id, data_nascimento, nome, posicao, equipa_id) VALUES (104, '1994-10-03 12:14:02.113', 'Kepa Arrizabalaga Revuelta', 'Goalkeeper', 15);
INSERT INTO public.jogador (id, data_nascimento, nome, posicao, equipa_id) VALUES (105, '1995-09-25 12:14:02.115', 'J. Gbamin', 'Midfielder', 11);
INSERT INTO public.jogador (id, data_nascimento, nome, posicao, equipa_id) VALUES (106, '2000-01-26 12:14:02.118', 'R. Giles', 'Midfielder', 6);
INSERT INTO public.jogador (id, data_nascimento, nome, posicao, equipa_id) VALUES (107, '1992-07-23 12:14:02.121', 'Daniel William John Ings', 'Attacker', 21);
INSERT INTO public.jogador (id, data_nascimento, nome, posicao, equipa_id) VALUES (108, '1993-11-07 12:14:02.124', 'J├╝rgen Locadia', 'Attacker', 17);
INSERT INTO public.jogador (id, data_nascimento, nome, posicao, equipa_id) VALUES (109, '1995-12-30 12:14:02.127', 'O. Watkins', 'Attacker', 21);
INSERT INTO public.jogador (id, data_nascimento, nome, posicao, equipa_id) VALUES (110, '2000-01-28 12:14:02.13', 'A. Connolly', 'Attacker', 17);
INSERT INTO public.jogador (id, data_nascimento, nome, posicao, equipa_id) VALUES (111, '2000-01-23 12:14:02.132', 'K. Scherpen', 'Goalkeeper', 17);
INSERT INTO public.jogador (id, data_nascimento, nome, posicao, equipa_id) VALUES (112, '1999-06-22 12:14:02.135', 'A. Zeqiri', 'Attacker', 17);
INSERT INTO public.jogador (id, data_nascimento, nome, posicao, equipa_id) VALUES (113, '1999-09-17 12:14:02.137', 'T. Dele-Bashiru', 'Midfielder', 5);
INSERT INTO public.jogador (id, data_nascimento, nome, posicao, equipa_id) VALUES (114, '2004-01-12 12:14:02.14', 'B. Chrisene', 'Midfielder', 21);
INSERT INTO public.jogador (id, data_nascimento, nome, posicao, equipa_id) VALUES (115, '2001-07-03 12:14:02.143', 'F. Balogun', 'Attacker', 9);
INSERT INTO public.jogador (id, data_nascimento, nome, posicao, equipa_id) VALUES (116, '2001-08-20 12:14:02.146', 'D. Markanday', 'Attacker', 13);
INSERT INTO public.jogador (id, data_nascimento, nome, posicao, equipa_id) VALUES (117, '2001-01-06 12:14:02.149', 'O. Otasowie', 'Midfielder', 6);
INSERT INTO public.jogador (id, data_nascimento, nome, posicao, equipa_id) VALUES (118, '2000-11-01 12:14:02.152', 'N. Nkounkou', 'Defender', 11);
INSERT INTO public.jogador (id, data_nascimento, nome, posicao, equipa_id) VALUES (119, '2003-01-06 12:14:02.155', 'B. Young', 'Attacker', 21);
INSERT INTO public.jogador (id, data_nascimento, nome, posicao, equipa_id) VALUES (120, '2002-09-02 12:14:02.158', 'H. Lindley', 'Midfielder', 21);
INSERT INTO public.jogador (id, data_nascimento, nome, posicao, equipa_id) VALUES (121, '2003-06-30 12:14:02.162', 'T. Iroegbunam', 'Midfielder', 21);
INSERT INTO public.jogador (id, data_nascimento, nome, posicao, equipa_id) VALUES (122, '2003-12-15 12:14:02.164', 'T. O&apos;Reilly', 'Midfielder', 21);
INSERT INTO public.jogador (id, data_nascimento, nome, posicao, equipa_id) VALUES (123, '1994-11-21 12:14:02.246', 'Sa├║l', 'Midfielder', 15);
INSERT INTO public.jogador (id, data_nascimento, nome, posicao, equipa_id) VALUES (124, '1993-03-19 12:14:02.249', 'H. Ziyech', 'Midfielder', 15);
INSERT INTO public.jogador (id, data_nascimento, nome, posicao, equipa_id) VALUES (125, '1993-12-05 12:14:02.252', 'R. Barkley', 'Midfielder', 15);
INSERT INTO public.jogador (id, data_nascimento, nome, posicao, equipa_id) VALUES (126, '1996-01-23 12:14:02.255', 'R. Loftus-Cheek', 'Midfielder', 15);
INSERT INTO public.jogador (id, data_nascimento, nome, posicao, equipa_id) VALUES (127, '2000-11-07 12:14:02.257', 'C. Hudson-Odoi', 'Attacker', 15);
INSERT INTO public.jogador (id, data_nascimento, nome, posicao, equipa_id) VALUES (128, '1993-03-10 12:14:02.261', 'Jack Butland', 'Goalkeeper', 18);
INSERT INTO public.jogador (id, data_nascimento, nome, posicao, equipa_id) VALUES (129, '1996-12-21 12:14:02.264', 'B. Chilwell', 'Defender', 15);
INSERT INTO public.jogador (id, data_nascimento, nome, posicao, equipa_id) VALUES (130, '1996-02-08 12:14:02.268', 'Kenedy', 'Midfielder', 15);
INSERT INTO public.jogador (id, data_nascimento, nome, posicao, equipa_id) VALUES (131, '1992-05-24 12:14:02.27', 'Marcus Bettinelli', 'Goalkeeper', 15);
INSERT INTO public.jogador (id, data_nascimento, nome, posicao, equipa_id) VALUES (132, '1999-07-05 12:14:02.273', 'T. Chalobah', 'Defender', 15);
INSERT INTO public.jogador (id, data_nascimento, nome, posicao, equipa_id) VALUES (133, '1999-01-23 12:14:02.277', 'M. Sarr', 'Defender', 15);
INSERT INTO public.jogador (id, data_nascimento, nome, posicao, equipa_id) VALUES (134, '2001-12-31 12:14:02.279', 'X. Mbuyamba', 'Defender', 15);
INSERT INTO public.jogador (id, data_nascimento, nome, posicao, equipa_id) VALUES (135, '2003-02-20 12:14:02.282', 'X. Simons', 'Midfielder', 15);
INSERT INTO public.jogador (id, data_nascimento, nome, posicao, equipa_id) VALUES (136, '2002-09-05 12:14:02.289', 'L. Bergstr├Âm', 'Goalkeeper', 15);
INSERT INTO public.jogador (id, data_nascimento, nome, posicao, equipa_id) VALUES (137, '2003-03-30 12:14:02.293', 'T. Sharman-Lowe', 'Goalkeeper', 15);
INSERT INTO public.jogador (id, data_nascimento, nome, posicao, equipa_id) VALUES (138, '2003-09-11 12:14:02.296', 'H. Vale', 'Midfielder', 15);
INSERT INTO public.jogador (id, data_nascimento, nome, posicao, equipa_id) VALUES (139, '2003-09-13 12:14:02.299', 'D. Williams', 'Midfielder', 15);
INSERT INTO public.jogador (id, data_nascimento, nome, posicao, equipa_id) VALUES (140, '2004-01-10 12:14:02.303', 'J. Soonsup-Bell', 'Attacker', 15);
INSERT INTO public.jogador (id, data_nascimento, nome, posicao, equipa_id) VALUES (141, '2004-01-31 12:14:02.305', 'C. Webster', 'Midfielder', 15);
INSERT INTO public.jogador (id, data_nascimento, nome, posicao, equipa_id) VALUES (142, '2004-09-08 12:14:02.308', 'L. Hall', 'Midfielder', 15);
INSERT INTO public.jogador (id, data_nascimento, nome, posicao, equipa_id) VALUES (143, '1984-09-22 12:14:02.391', 'Thiago Emiliano da Silva', 'Defender', 15);
INSERT INTO public.jogador (id, data_nascimento, nome, posicao, equipa_id) VALUES (144, '1994-10-03 12:14:02.394', 'Kepa Arrizabalaga Revuelta', 'Goalkeeper', 15);
INSERT INTO public.jogador (id, data_nascimento, nome, posicao, equipa_id) VALUES (145, '1990-12-28 12:14:02.396', 'Marcos  Alonso Mendoza', 'Defender', 15);
INSERT INTO public.jogador (id, data_nascimento, nome, posicao, equipa_id) VALUES (146, '1989-08-28 12:14:02.399', 'C├®sar Azpilicueta Tanco', 'Defender', 15);
INSERT INTO public.jogador (id, data_nascimento, nome, posicao, equipa_id) VALUES (147, '1996-04-10 12:14:02.402', 'A. Christensen', 'Defender', 15);
INSERT INTO public.jogador (id, data_nascimento, nome, posicao, equipa_id) VALUES (148, '1993-03-03 12:14:02.405', 'A. R├╝diger', 'Defender', 15);
INSERT INTO public.jogador (id, data_nascimento, nome, posicao, equipa_id) VALUES (149, '1995-02-18 12:14:02.407', 'R. R├║narsson', 'Goalkeeper', 9);
INSERT INTO public.jogador (id, data_nascimento, nome, posicao, equipa_id) VALUES (150, '1996-12-21 12:14:02.41', 'B. Chilwell', 'Defender', 15);
INSERT INTO public.jogador (id, data_nascimento, nome, posicao, equipa_id) VALUES (151, '1995-09-25 12:14:02.413', 'J. Gbamin', 'Midfielder', 11);
INSERT INTO public.jogador (id, data_nascimento, nome, posicao, equipa_id) VALUES (152, '1992-05-24 12:14:02.416', 'Marcus Bettinelli', 'Goalkeeper', 15);
INSERT INTO public.jogador (id, data_nascimento, nome, posicao, equipa_id) VALUES (153, '1999-12-08 12:14:02.42', 'R. James', 'Defender', 15);
INSERT INTO public.jogador (id, data_nascimento, nome, posicao, equipa_id) VALUES (154, '1999-07-05 12:14:02.422', 'T. Chalobah', 'Defender', 15);
INSERT INTO public.jogador (id, data_nascimento, nome, posicao, equipa_id) VALUES (155, '2000-01-28 12:14:02.425', 'A. Connolly', 'Attacker', 17);
INSERT INTO public.jogador (id, data_nascimento, nome, posicao, equipa_id) VALUES (156, '2000-01-23 12:14:02.428', 'K. Scherpen', 'Goalkeeper', 17);
INSERT INTO public.jogador (id, data_nascimento, nome, posicao, equipa_id) VALUES (157, '1999-06-22 12:14:02.431', 'A. Zeqiri', 'Attacker', 17);
INSERT INTO public.jogador (id, data_nascimento, nome, posicao, equipa_id) VALUES (158, '2001-07-03 12:14:02.436', 'F. Balogun', 'Attacker', 9);
INSERT INTO public.jogador (id, data_nascimento, nome, posicao, equipa_id) VALUES (159, '2002-09-05 12:14:02.44', 'L. Bergstr├Âm', 'Goalkeeper', 15);
INSERT INTO public.jogador (id, data_nascimento, nome, posicao, equipa_id) VALUES (160, '2001-01-06 12:14:02.443', 'O. Otasowie', 'Midfielder', 6);
INSERT INTO public.jogador (id, data_nascimento, nome, posicao, equipa_id) VALUES (161, '2000-11-01 12:14:02.446', 'N. Nkounkou', 'Defender', 11);
INSERT INTO public.jogador (id, data_nascimento, nome, posicao, equipa_id) VALUES (162, '2003-03-30 12:14:02.45', 'T. Sharman-Lowe', 'Goalkeeper', 15);
INSERT INTO public.jogador (id, data_nascimento, nome, posicao, equipa_id) VALUES (163, '1991-01-08 12:14:02.539', 'Allan Marques Loureiro', 'Midfielder', 11);
INSERT INTO public.jogador (id, data_nascimento, nome, posicao, equipa_id) VALUES (164, '1989-11-21 12:14:02.542', 'Fabian Delph', 'Midfielder', 11);
INSERT INTO public.jogador (id, data_nascimento, nome, posicao, equipa_id) VALUES (165, '1998-01-16 12:14:02.547', 'O. ├ëdouard', 'Attacker', 18);
INSERT INTO public.jogador (id, data_nascimento, nome, posicao, equipa_id) VALUES (166, '1994-09-23 12:14:02.551', 'Y. Mina', 'Defender', 11);
INSERT INTO public.jogador (id, data_nascimento, nome, posicao, equipa_id) VALUES (167, '1990-12-03 12:14:02.555', 'Christian Benteke Liolo', 'Attacker', 18);
INSERT INTO public.jogador (id, data_nascimento, nome, posicao, equipa_id) VALUES (168, '1993-01-11 12:14:02.56', 'M. Keane', 'Defender', 11);
INSERT INTO public.jogador (id, data_nascimento, nome, posicao, equipa_id) VALUES (169, '2002-06-27 12:14:02.564', 'J. Branthwaite', 'Defender', 11);
INSERT INTO public.jogador (id, data_nascimento, nome, posicao, equipa_id) VALUES (170, '1997-03-15 12:14:02.569', 'J. Kenny', 'Defender', 11);
INSERT INTO public.jogador (id, data_nascimento, nome, posicao, equipa_id) VALUES (171, '1998-06-30 12:14:02.574', 'T. Davies', 'Midfielder', 11);
INSERT INTO public.jogador (id, data_nascimento, nome, posicao, equipa_id) VALUES (172, '1993-07-30 12:14:02.579', 'Andr├® Gomes', 'Midfielder', 11);
INSERT INTO public.jogador (id, data_nascimento, nome, posicao, equipa_id) VALUES (173, '1996-06-28 12:14:02.582', 'D. Gray', 'Midfielder', 11);
INSERT INTO public.jogador (id, data_nascimento, nome, posicao, equipa_id) VALUES (174, '1991-07-16 12:14:02.585', 'Andros Townsend', 'Midfielder', 11);
INSERT INTO public.jogador (id, data_nascimento, nome, posicao, equipa_id) VALUES (175, '1987-06-20 12:14:02.588', 'Asmir Begovi─ç', 'Goalkeeper', 11);
INSERT INTO public.jogador (id, data_nascimento, nome, posicao, equipa_id) VALUES (176, '1998-01-15 12:14:02.592', 'B. Godfrey', 'Defender', 11);
INSERT INTO public.jogador (id, data_nascimento, nome, posicao, equipa_id) VALUES (177, '1996-10-22 12:14:02.594', 'M. Holgate', 'Defender', 11);
INSERT INTO public.jogador (id, data_nascimento, nome, posicao, equipa_id) VALUES (178, '1983-10-19 12:14:02.597', 'Andrew Lonergan', 'Goalkeeper', 11);
INSERT INTO public.jogador (id, data_nascimento, nome, posicao, equipa_id) VALUES (179, '2001-09-26 12:14:02.599', 'S. Banks', 'Attacker', 18);
INSERT INTO public.jogador (id, data_nascimento, nome, posicao, equipa_id) VALUES (180, '2001-12-06 12:14:02.601', 'H. Tyrer', 'Goalkeeper', 11);
INSERT INTO public.jogador (id, data_nascimento, nome, posicao, equipa_id) VALUES (181, '2001-10-04 12:14:02.603', 'R. Astley', 'Defender', 11);
INSERT INTO public.jogador (id, data_nascimento, nome, posicao, equipa_id) VALUES (182, '2003-09-19 12:14:02.605', 'R. Welch', 'Defender', 11);
INSERT INTO public.jogador (id, data_nascimento, nome, posicao, equipa_id) VALUES (183, '1997-04-13 12:14:02.689', 'K. Walker-Peters', 'Defender', 8);
INSERT INTO public.jogador (id, data_nascimento, nome, posicao, equipa_id) VALUES (184, '1996-04-11 12:14:02.693', 'D. Alli', 'Midfielder', 11);
INSERT INTO public.jogador (id, data_nascimento, nome, posicao, equipa_id) VALUES (185, '1997-04-18 12:14:02.695', 'D. van de Beek', 'Midfielder', 11);
INSERT INTO public.jogador (id, data_nascimento, nome, posicao, equipa_id) VALUES (186, '1981-09-28 12:14:02.698', 'Wilfredo Daniel Caballero', 'Goalkeeper', 8);
INSERT INTO public.jogador (id, data_nascimento, nome, posicao, equipa_id) VALUES (187, '1997-03-16 12:14:02.701', 'D. Calvert-Lewin', 'Attacker', 11);
INSERT INTO public.jogador (id, data_nascimento, nome, posicao, equipa_id) VALUES (188, '1991-06-07 12:14:02.703', 'Cenk Tosun', 'Attacker', 11);
INSERT INTO public.jogador (id, data_nascimento, nome, posicao, equipa_id) VALUES (189, '1988-03-17 12:14:02.706', 'F. Forster', 'Goalkeeper', 8);
INSERT INTO public.jogador (id, data_nascimento, nome, posicao, equipa_id) VALUES (190, '1997-12-20 12:14:02.708', 'Harry Lewis', 'Goalkeeper', 8);
INSERT INTO public.jogador (id, data_nascimento, nome, posicao, equipa_id) VALUES (191, '1989-12-03 12:14:02.711', 'Alex McCarthy', 'Goalkeeper', 8);
INSERT INTO public.jogador (id, data_nascimento, nome, posicao, equipa_id) VALUES (192, '1994-01-27 12:14:02.714', 'J. Stephens', 'Defender', 8);
INSERT INTO public.jogador (id, data_nascimento, nome, posicao, equipa_id) VALUES (193, '1995-05-03 12:14:02.716', 'A. El Ghazi', 'Midfielder', 11);
INSERT INTO public.jogador (id, data_nascimento, nome, posicao, equipa_id) VALUES (194, '1997-09-22 12:14:02.719', 'R. Perraud', 'Defender', 8);
INSERT INTO public.jogador (id, data_nascimento, nome, posicao, equipa_id) VALUES (195, '1997-02-01 12:14:02.721', 'Lyanco', 'Defender', 8);
INSERT INTO public.jogador (id, data_nascimento, nome, posicao, equipa_id) VALUES (196, '2001-02-24 12:14:02.723', 'A. Gordon', 'Attacker', 11);
INSERT INTO public.jogador (id, data_nascimento, nome, posicao, equipa_id) VALUES (197, '2003-01-03 12:14:02.727', 'L. Dobbin', 'Attacker', 11);
INSERT INTO public.jogador (id, data_nascimento, nome, posicao, equipa_id) VALUES (198, '2002-11-12 12:14:02.731', 'V. Livramento', 'Defender', 8);
INSERT INTO public.jogador (id, data_nascimento, nome, posicao, equipa_id) VALUES (199, '2003-03-04 12:14:02.733', 'T. Onyango', 'Midfielder', 11);
INSERT INTO public.jogador (id, data_nascimento, nome, posicao, equipa_id) VALUES (200, '2003-09-16 12:14:02.735', 'C. Whitaker', 'Midfielder', 11);
INSERT INTO public.jogador (id, data_nascimento, nome, posicao, equipa_id) VALUES (201, '2003-09-26 12:14:02.738', 'I. Price', 'Midfielder', 11);
INSERT INTO public.jogador (id, data_nascimento, nome, posicao, equipa_id) VALUES (202, '2004-08-01 12:14:02.74', 'T. Small', 'Defender', 8);
INSERT INTO public.jogador (id, data_nascimento, nome, posicao, equipa_id) VALUES (203, '1997-05-14 12:14:02.821', 'R├║ben Dias', 'Defender', 16);
INSERT INTO public.jogador (id, data_nascimento, nome, posicao, equipa_id) VALUES (204, '1994-05-27 12:14:02.826', 'Aymeric Laporte', 'Defender', 16);
INSERT INTO public.jogador (id, data_nascimento, nome, posicao, equipa_id) VALUES (205, '1994-07-17 12:14:02.829', 'B. Mendy', 'Defender', 16);
INSERT INTO public.jogador (id, data_nascimento, nome, posicao, equipa_id) VALUES (206, '1989-03-16 12:14:02.832', 'T. Walcott', 'Attacker', 8);
INSERT INTO public.jogador (id, data_nascimento, nome, posicao, equipa_id) VALUES (207, '1999-02-22 12:14:02.834', 'Y. Valery', 'Defender', 8);
INSERT INTO public.jogador (id, data_nascimento, nome, posicao, equipa_id) VALUES (208, '1994-03-06 12:14:02.839', 'N. Redmond', 'Midfielder', 8);
INSERT INTO public.jogador (id, data_nascimento, nome, posicao, equipa_id) VALUES (209, '1991-09-24 12:14:02.841', 'Oriol Romeu Vidal', 'Midfielder', 8);
INSERT INTO public.jogador (id, data_nascimento, nome, posicao, equipa_id) VALUES (210, '1987-01-22 12:14:02.844', 'S. Long', 'Attacker', 8);
INSERT INTO public.jogador (id, data_nascimento, nome, posicao, equipa_id) VALUES (211, '1985-09-03 12:14:02.846', 'Scott Carson', 'Goalkeeper', 16);
INSERT INTO public.jogador (id, data_nascimento, nome, posicao, equipa_id) VALUES (212, '1997-02-10 12:14:02.848', 'A. Armstrong', 'Attacker', 8);
INSERT INTO public.jogador (id, data_nascimento, nome, posicao, equipa_id) VALUES (213, '1999-03-08 12:14:02.851', 'I. Diallo', 'Midfielder', 8);
INSERT INTO public.jogador (id, data_nascimento, nome, posicao, equipa_id) VALUES (214, '1999-04-17 12:14:02.854', 'M. Salisu', 'Defender', 8);
INSERT INTO public.jogador (id, data_nascimento, nome, posicao, equipa_id) VALUES (215, '1995-04-02 12:14:02.856', 'Zack Steffen', 'Goalkeeper', 16);
INSERT INTO public.jogador (id, data_nascimento, nome, posicao, equipa_id) VALUES (216, '2000-02-21 12:14:02.859', 'W. Smallbone', 'Midfielder', 8);
INSERT INTO public.jogador (id, data_nascimento, nome, posicao, equipa_id) VALUES (217, '2003-01-08 12:14:02.861', 'K. Chauke', 'Midfielder', 8);
INSERT INTO public.jogador (id, data_nascimento, nome, posicao, equipa_id) VALUES (218, '2002-09-15 12:14:02.863', 'C. Slicker', 'Goalkeeper', 16);
INSERT INTO public.jogador (id, data_nascimento, nome, posicao, equipa_id) VALUES (219, '2003-01-02 12:14:02.866', 'K. Olaigbe', 'Attacker', 8);
INSERT INTO public.jogador (id, data_nascimento, nome, posicao, equipa_id) VALUES (220, '2003-01-02 12:14:02.868', 'C. Egan-Riley', 'Defender', 16);
INSERT INTO public.jogador (id, data_nascimento, nome, posicao, equipa_id) VALUES (221, '1999-07-05 12:14:02.87', 'N. Tella', 'Midfielder', 8);
INSERT INTO public.jogador (id, data_nascimento, nome, posicao, equipa_id) VALUES (222, NULL, 'Tyler Dibling', 'Midfielder', 8);
INSERT INTO public.jogador (id, data_nascimento, nome, posicao, equipa_id) VALUES (223, '1997-05-23 12:15:03.368', 'J. Gomez', 'Defender', 7);
INSERT INTO public.jogador (id, data_nascimento, nome, posicao, equipa_id) VALUES (224, '1991-08-08 12:15:03.375', 'Jo├½l Andre Job Matip', 'Defender', 7);
INSERT INTO public.jogador (id, data_nascimento, nome, posicao, equipa_id) VALUES (225, '1991-02-21 12:15:03.378', 'Riyad Mahrez', 'Attacker', 16);
INSERT INTO public.jogador (id, data_nascimento, nome, posicao, equipa_id) VALUES (226, '1985-05-04 12:15:03.38', 'Fernando Luiz Rosa', 'Midfielder', 16);
INSERT INTO public.jogador (id, data_nascimento, nome, posicao, equipa_id) VALUES (227, '2001-03-13 12:15:03.382', 'J. Garner', 'Midfielder', 3);
INSERT INTO public.jogador (id, data_nascimento, nome, posicao, equipa_id) VALUES (228, '1999-05-25 12:15:03.385', 'I. Konat├®', 'Defender', 7);
INSERT INTO public.jogador (id, data_nascimento, nome, posicao, equipa_id) VALUES (229, '1993-06-22 12:15:03.387', 'Loris Karius', 'Goalkeeper', 7);
INSERT INTO public.jogador (id, data_nascimento, nome, posicao, equipa_id) VALUES (230, '1987-01-03 12:15:03.389', 'Adri├ín San Miguel del Castillo', 'Goalkeeper', 7);
INSERT INTO public.jogador (id, data_nascimento, nome, posicao, equipa_id) VALUES (231, '1998-02-13 12:15:03.391', 'K. Davis', 'Attacker', 21);
INSERT INTO public.jogador (id, data_nascimento, nome, posicao, equipa_id) VALUES (232, '2002-05-06 12:15:03.393', 'C. Palmer', 'Midfielder', 16);
INSERT INTO public.jogador (id, data_nascimento, nome, posicao, equipa_id) VALUES (233, '2002-10-18 12:15:03.396', 'J. McAtee', 'Midfielder', 16);
INSERT INTO public.jogador (id, data_nascimento, nome, posicao, equipa_id) VALUES (234, '2003-02-08 12:15:03.399', 'L. Delap', 'Attacker', 16);
INSERT INTO public.jogador (id, data_nascimento, nome, posicao, equipa_id) VALUES (235, '2003-09-03 12:15:03.401', 'H. Davies', 'Goalkeeper', 7);
INSERT INTO public.jogador (id, data_nascimento, nome, posicao, equipa_id) VALUES (236, '2002-12-20 12:15:03.403', 'Marcelo', 'Goalkeeper', 7);
INSERT INTO public.jogador (id, data_nascimento, nome, posicao, equipa_id) VALUES (237, '2003-01-28 12:15:03.406', 'S. Edozie', 'Attacker', 16);
INSERT INTO public.jogador (id, data_nascimento, nome, posicao, equipa_id) VALUES (238, '2002-12-26 12:15:03.408', 'J. Wilson-Esbrand', 'Defender', 16);
INSERT INTO public.jogador (id, data_nascimento, nome, posicao, equipa_id) VALUES (239, '2003-09-18 12:15:03.41', 'L. Mbete-Tabu', 'Defender', 16);
INSERT INTO public.jogador (id, data_nascimento, nome, posicao, equipa_id) VALUES (240, '2003-07-12 12:15:03.413', 'O. Bobb', 'Midfielder', 16);
INSERT INTO public.jogador (id, data_nascimento, nome, posicao, equipa_id) VALUES (241, '2004-01-06 12:15:03.416', 'R. Lavia', 'Midfielder', 16);
INSERT INTO public.jogador (id, data_nascimento, nome, posicao, equipa_id) VALUES (242, '2003-06-11 12:15:03.418', 'Kayky', 'Attacker', 16);
INSERT INTO public.jogador (id, data_nascimento, nome, posicao, equipa_id) VALUES (243, '1990-06-17 12:15:03.507', 'Jordan Henderson', 'Midfielder', 7);
INSERT INTO public.jogador (id, data_nascimento, nome, posicao, equipa_id) VALUES (244, '2001-01-30 12:15:03.51', 'C. Jones', 'Midfielder', 7);
INSERT INTO public.jogador (id, data_nascimento, nome, posicao, equipa_id) VALUES (245, '1986-01-04 12:15:03.513', 'James Philip Milner', 'Midfielder', 7);
INSERT INTO public.jogador (id, data_nascimento, nome, posicao, equipa_id) VALUES (246, '1993-08-15 12:15:03.515', 'Alex Oxlade-Chamberlain', 'Midfielder', 7);
INSERT INTO public.jogador (id, data_nascimento, nome, posicao, equipa_id) VALUES (247, '1991-10-02 12:15:03.518', 'Roberto Firmino Barbosa de Oliveira', 'Attacker', 7);
INSERT INTO public.jogador (id, data_nascimento, nome, posicao, equipa_id) VALUES (248, '1995-04-18 12:15:03.52', 'D. Origi', 'Attacker', 7);
INSERT INTO public.jogador (id, data_nascimento, nome, posicao, equipa_id) VALUES (249, '2003-04-04 12:15:03.523', 'H. Elliott', 'Midfielder', 7);
INSERT INTO public.jogador (id, data_nascimento, nome, posicao, equipa_id) VALUES (250, '2001-01-01 12:15:03.526', 'E. Dixon-Bonner', 'Midfielder', 7);
INSERT INTO public.jogador (id, data_nascimento, nome, posicao, equipa_id) VALUES (251, '2002-11-14 12:15:03.528', 'B. Koumetio', 'Defender', 7);
INSERT INTO public.jogador (id, data_nascimento, nome, posicao, equipa_id) VALUES (252, '2003-04-04 12:15:03.53', 'J. Norris', 'Defender', 7);
INSERT INTO public.jogador (id, data_nascimento, nome, posicao, equipa_id) VALUES (253, '2002-08-09 12:15:03.533', 'O. Beck', 'Defender', 7);
INSERT INTO public.jogador (id, data_nascimento, nome, posicao, equipa_id) VALUES (254, '2003-01-29 12:15:03.535', 'J. Quansah', 'Defender', 7);
INSERT INTO public.jogador (id, data_nascimento, nome, posicao, equipa_id) VALUES (255, '2002-10-31 12:15:03.538', 'T. Morton', 'Midfielder', 7);
INSERT INTO public.jogador (id, data_nascimento, nome, posicao, equipa_id) VALUES (256, '2001-02-03 12:15:03.54', 'R. Williams', 'Defender', 7);
INSERT INTO public.jogador (id, data_nascimento, nome, posicao, equipa_id) VALUES (257, '2003-07-09 12:15:03.544', 'C. Bradley', 'Midfielder', 7);
INSERT INTO public.jogador (id, data_nascimento, nome, posicao, equipa_id) VALUES (258, '2003-09-20 12:15:03.547', 'J. Balagizi', 'Attacker', 7);
INSERT INTO public.jogador (id, data_nascimento, nome, posicao, equipa_id) VALUES (259, '2004-01-12 12:15:03.549', 'M. Frauendorf', 'Midfielder', 7);
INSERT INTO public.jogador (id, data_nascimento, nome, posicao, equipa_id) VALUES (260, '2003-08-20 12:15:03.553', 'M. Woltman', 'Midfielder', 7);
INSERT INTO public.jogador (id, data_nascimento, nome, posicao, equipa_id) VALUES (261, '2004-09-22 12:15:03.556', 'I. Mabaya', 'Midfielder', 7);
INSERT INTO public.jogador (id, data_nascimento, nome, posicao, equipa_id) VALUES (262, '2004-10-05 12:15:03.56', 'K. Gordon', 'Attacker', 7);
INSERT INTO public.jogador (id, data_nascimento, nome, posicao, equipa_id) VALUES (263, '2000-03-25 12:15:03.645', 'J. Sancho', 'Attacker', 3);
INSERT INTO public.jogador (id, data_nascimento, nome, posicao, equipa_id) VALUES (264, '1990-11-07 12:15:03.648', 'David de Gea Quintana', 'Goalkeeper', 3);
INSERT INTO public.jogador (id, data_nascimento, nome, posicao, equipa_id) VALUES (265, '1983-01-27 12:15:03.65', 'Lee Grant', 'Goalkeeper', 3);
INSERT INTO public.jogador (id, data_nascimento, nome, posicao, equipa_id) VALUES (266, '1992-02-21 12:15:03.652', 'Phil Jones', 'Defender', 3);
INSERT INTO public.jogador (id, data_nascimento, nome, posicao, equipa_id) VALUES (267, '1995-07-12 12:15:03.654', 'L. Shaw', 'Defender', 3);
INSERT INTO public.jogador (id, data_nascimento, nome, posicao, equipa_id) VALUES (268, '2001-10-01 12:15:03.656', 'M. Greenwood', 'Attacker', 3);
INSERT INTO public.jogador (id, data_nascimento, nome, posicao, equipa_id) VALUES (269, '1992-12-15 12:15:03.658', 'J. Lingard', 'Midfielder', 3);
INSERT INTO public.jogador (id, data_nascimento, nome, posicao, equipa_id) VALUES (270, '1988-04-28 12:15:03.662', 'Juan Manuel Mata Garc├¡a', 'Midfielder', 3);
INSERT INTO public.jogador (id, data_nascimento, nome, posicao, equipa_id) VALUES (271, '1988-08-01 12:15:03.664', 'Nemanja Mati─ç', 'Midfielder', 3);
INSERT INTO public.jogador (id, data_nascimento, nome, posicao, equipa_id) VALUES (272, '1997-10-31 12:15:03.666', 'M. Rashford', 'Attacker', 3);
INSERT INTO public.jogador (id, data_nascimento, nome, posicao, equipa_id) VALUES (273, '1986-04-15 12:15:03.669', 'Tom Heaton', 'Goalkeeper', 3);
INSERT INTO public.jogador (id, data_nascimento, nome, posicao, equipa_id) VALUES (274, '1997-11-26 12:15:03.671', 'A. Wan-Bissaka', 'Defender', 3);
INSERT INTO public.jogador (id, data_nascimento, nome, posicao, equipa_id) VALUES (275, '1997-03-12 12:15:03.673', 'Dean Henderson', 'Goalkeeper', 3);
INSERT INTO public.jogador (id, data_nascimento, nome, posicao, equipa_id) VALUES (276, '1992-09-22 12:15:03.675', 'J. Steer', 'Goalkeeper', 21);
INSERT INTO public.jogador (id, data_nascimento, nome, posicao, equipa_id) VALUES (277, '2001-10-08 12:15:03.677', 'B. Mumba', 'Defender', 22);
INSERT INTO public.jogador (id, data_nascimento, nome, posicao, equipa_id) VALUES (278, '2003-02-17 12:15:03.68', 'W. Fish', 'Defender', 3);
INSERT INTO public.jogador (id, data_nascimento, nome, posicao, equipa_id) VALUES (279, '2003-09-14 12:15:03.683', 'H. Blair', 'Attacker', 7);
INSERT INTO public.jogador (id, data_nascimento, nome, posicao, equipa_id) VALUES (280, '2003-03-23 12:15:03.686', '├ülvaro Fern├índez', 'Defender', 3);
INSERT INTO public.jogador (id, data_nascimento, nome, posicao, equipa_id) VALUES (281, '2003-05-02 12:15:03.689', 'C. Savage', 'Midfielder', 3);
INSERT INTO public.jogador (id, data_nascimento, nome, posicao, equipa_id) VALUES (282, '2002-12-19 12:15:03.692', 'B. Hardley', 'Defender', 3);
INSERT INTO public.jogador (id, data_nascimento, nome, posicao, equipa_id) VALUES (283, '1993-11-16 12:15:03.778', 'N├®lson Semedo', 'Defender', 6);
INSERT INTO public.jogador (id, data_nascimento, nome, posicao, equipa_id) VALUES (284, '2002-01-18 12:15:03.782', 'K. Hoever', 'Defender', 6);
INSERT INTO public.jogador (id, data_nascimento, nome, posicao, equipa_id) VALUES (285, '1989-02-19 12:15:03.784', 'Fernando Mar├ºal de Oliveira', 'Defender', 6);
INSERT INTO public.jogador (id, data_nascimento, nome, posicao, equipa_id) VALUES (286, '1995-10-21 12:15:03.786', 'Daniel Podence', 'Midfielder', 6);
INSERT INTO public.jogador (id, data_nascimento, nome, posicao, equipa_id) VALUES (287, '1986-10-24 12:15:03.789', 'J. Ruddy', 'Goalkeeper', 6);
INSERT INTO public.jogador (id, data_nascimento, nome, posicao, equipa_id) VALUES (288, '1994-03-03 12:15:03.791', 'Jonny Castro', 'Defender', 6);
INSERT INTO public.jogador (id, data_nascimento, nome, posicao, equipa_id) VALUES (289, '1997-05-23 12:15:03.794', 'M. Kilman', 'Defender', 6);
INSERT INTO public.jogador (id, data_nascimento, nome, posicao, equipa_id) VALUES (290, '1999-11-18 12:15:03.796', 'Domingos Quina', 'Midfielder', 5);
INSERT INTO public.jogador (id, data_nascimento, nome, posicao, equipa_id) VALUES (291, '1997-07-23 12:15:03.798', 'Matija ┼áarki─ç', 'Goalkeeper', 6);
INSERT INTO public.jogador (id, data_nascimento, nome, posicao, equipa_id) VALUES (292, '2001-06-06 12:15:03.801', 'R. A├»t Nouri', 'Defender', 6);
INSERT INTO public.jogador (id, data_nascimento, nome, posicao, equipa_id) VALUES (293, '1999-01-16 12:15:03.803', 'Toti', 'Defender', 6);
INSERT INTO public.jogador (id, data_nascimento, nome, posicao, equipa_id) VALUES (294, '2001-11-23 12:15:03.806', 'F. Anjorin', 'Midfielder', 15);
INSERT INTO public.jogador (id, data_nascimento, nome, posicao, equipa_id) VALUES (295, '2000-09-20 12:15:03.808', 'D. Bughail-Mellor', 'Attacker', 3);
INSERT INTO public.jogador (id, data_nascimento, nome, posicao, equipa_id) VALUES (296, '2002-02-08 12:15:03.81', 'J. Philogene-Bidace', 'Midfielder', 21);
INSERT INTO public.jogador (id, data_nascimento, nome, posicao, equipa_id) VALUES (297, '2004-02-02 12:15:03.812', 'S. Shoretire', 'Attacker', 3);
INSERT INTO public.jogador (id, data_nascimento, nome, posicao, equipa_id) VALUES (298, '2001-05-02 12:15:03.814', 'Y. Mosquera', 'Midfielder', 6);
INSERT INTO public.jogador (id, data_nascimento, nome, posicao, equipa_id) VALUES (299, '2002-09-18 12:15:03.817', 'Hugo Bueno', 'Defender', 6);
INSERT INTO public.jogador (id, data_nascimento, nome, posicao, equipa_id) VALUES (300, '2003-11-04 12:15:03.82', 'D. Lembikisa', 'Defender', 6);
INSERT INTO public.jogador (id, data_nascimento, nome, posicao, equipa_id) VALUES (301, '2004-07-01 12:15:03.822', 'A. Garnacho', 'Attacker', 3);
INSERT INTO public.jogador (id, data_nascimento, nome, posicao, equipa_id) VALUES (302, NULL, 'J. Storer', 'Goalkeeper', 6);
INSERT INTO public.jogador (id, data_nascimento, nome, posicao, equipa_id) VALUES (303, '1996-06-22 12:15:03.921', 'Rodri', 'Midfielder', 16);
INSERT INTO public.jogador (id, data_nascimento, nome, posicao, equipa_id) VALUES (304, '1994-05-27 12:15:03.923', 'Aymeric Laporte', 'Defender', 16);
INSERT INTO public.jogador (id, data_nascimento, nome, posicao, equipa_id) VALUES (305, '1994-07-17 12:15:03.927', 'B. Mendy', 'Defender', 16);
INSERT INTO public.jogador (id, data_nascimento, nome, posicao, equipa_id) VALUES (306, '1991-06-28 12:15:03.929', 'Kevin De Bruyne', 'Midfielder', 16);
INSERT INTO public.jogador (id, data_nascimento, nome, posicao, equipa_id) VALUES (307, '2000-05-28 12:15:03.932', 'P. Foden', 'Midfielder', 16);
INSERT INTO public.jogador (id, data_nascimento, nome, posicao, equipa_id) VALUES (308, '1990-10-24 12:15:03.934', '─░lkay G├╝ndo─ƒan', 'Midfielder', 16);
INSERT INTO public.jogador (id, data_nascimento, nome, posicao, equipa_id) VALUES (309, '1994-08-10 12:15:03.936', 'Bernardo Silva', 'Midfielder', 16);
INSERT INTO public.jogador (id, data_nascimento, nome, posicao, equipa_id) VALUES (310, '1985-05-04 12:15:03.938', 'Fernando Luiz Rosa', 'Midfielder', 16);
INSERT INTO public.jogador (id, data_nascimento, nome, posicao, equipa_id) VALUES (311, '1996-12-15 12:15:03.941', 'O. Zinchenko', 'Midfielder', 16);
INSERT INTO public.jogador (id, data_nascimento, nome, posicao, equipa_id) VALUES (312, '1997-04-03 12:15:03.943', 'Gabriel Jesus', 'Attacker', 16);
INSERT INTO public.jogador (id, data_nascimento, nome, posicao, equipa_id) VALUES (313, '1994-12-08 12:15:03.946', 'Raheem Sterling', 'Attacker', 16);
INSERT INTO public.jogador (id, data_nascimento, nome, posicao, equipa_id) VALUES (314, '1994-05-27 12:15:03.949', 'Jo├úo Cancelo', 'Defender', 16);
INSERT INTO public.jogador (id, data_nascimento, nome, posicao, equipa_id) VALUES (315, '1995-09-10 12:15:03.951', 'J. Grealish', 'Midfielder', 16);
INSERT INTO public.jogador (id, data_nascimento, nome, posicao, equipa_id) VALUES (316, '2002-05-06 12:15:03.954', 'C. Palmer', 'Midfielder', 16);
INSERT INTO public.jogador (id, data_nascimento, nome, posicao, equipa_id) VALUES (317, '2002-10-18 12:15:03.956', 'J. McAtee', 'Midfielder', 16);
INSERT INTO public.jogador (id, data_nascimento, nome, posicao, equipa_id) VALUES (318, '2003-01-02 12:15:03.959', 'C. Egan-Riley', 'Defender', 16);
INSERT INTO public.jogador (id, data_nascimento, nome, posicao, equipa_id) VALUES (319, '2002-12-26 12:15:03.963', 'J. Wilson-Esbrand', 'Defender', 16);
INSERT INTO public.jogador (id, data_nascimento, nome, posicao, equipa_id) VALUES (320, '2003-09-18 12:15:03.965', 'L. Mbete-Tabu', 'Defender', 16);
INSERT INTO public.jogador (id, data_nascimento, nome, posicao, equipa_id) VALUES (321, '2003-07-12 12:15:03.968', 'O. Bobb', 'Midfielder', 16);
INSERT INTO public.jogador (id, data_nascimento, nome, posicao, equipa_id) VALUES (322, '2004-01-06 12:15:03.971', 'R. Lavia', 'Midfielder', 16);
INSERT INTO public.jogador (id, data_nascimento, nome, posicao, equipa_id) VALUES (323, '1992-01-15 12:15:04.051', 'Jo├½l Ivo Veltman', 'Defender', 17);
INSERT INTO public.jogador (id, data_nascimento, nome, posicao, equipa_id) VALUES (324, '1990-08-18 12:15:04.054', 'Jason Steele', 'Goalkeeper', 17);
INSERT INTO public.jogador (id, data_nascimento, nome, posicao, equipa_id) VALUES (325, '1991-11-21 12:15:04.056', 'Lewis Dunk', 'Defender', 17);
INSERT INTO public.jogador (id, data_nascimento, nome, posicao, equipa_id) VALUES (326, '1992-01-08 12:15:04.059', 'Kenny McLean', 'Midfielder', 22);
INSERT INTO public.jogador (id, data_nascimento, nome, posicao, equipa_id) VALUES (327, '1995-01-04 12:15:04.061', 'Adam Webster', 'Defender', 17);
INSERT INTO public.jogador (id, data_nascimento, nome, posicao, equipa_id) VALUES (328, '1993-05-25 12:15:04.064', 'P. Lees Melou', 'Midfielder', 22);
INSERT INTO public.jogador (id, data_nascimento, nome, posicao, equipa_id) VALUES (329, '2000-02-20 12:15:04.066', 'J. Sargent', 'Attacker', 22);
INSERT INTO public.jogador (id, data_nascimento, nome, posicao, equipa_id) VALUES (330, '1999-03-27 12:15:04.068', 'T. B─âlu┼ú─â', 'Defender', 17);
INSERT INTO public.jogador (id, data_nascimento, nome, posicao, equipa_id) VALUES (331, '1998-07-22 12:15:04.071', 'Cucurella', 'Defender', 17);
INSERT INTO public.jogador (id, data_nascimento, nome, posicao, equipa_id) VALUES (332, '2002-06-07 12:15:04.073', 'J. Furlong', 'Defender', 17);
INSERT INTO public.jogador (id, data_nascimento, nome, posicao, equipa_id) VALUES (333, '2001-02-11 12:15:04.076', 'A. Idah', 'Attacker', 22);
INSERT INTO public.jogador (id, data_nascimento, nome, posicao, equipa_id) VALUES (334, '2002-05-10 12:15:04.078', 'H. Roberts', 'Defender', 17);
INSERT INTO public.jogador (id, data_nascimento, nome, posicao, equipa_id) VALUES (335, '2000-09-30 12:15:04.08', 'T. Lamptey', 'Defender', 17);
INSERT INTO public.jogador (id, data_nascimento, nome, posicao, equipa_id) VALUES (336, '2002-12-30 12:15:04.082', 'A. Tsoungui', 'Defender', 17);
INSERT INTO public.jogador (id, data_nascimento, nome, posicao, equipa_id) VALUES (337, '2002-01-30 12:15:04.085', 'C. Tzolis', 'Attacker', 22);
INSERT INTO public.jogador (id, data_nascimento, nome, posicao, equipa_id) VALUES (338, '2000-03-25 12:15:04.088', 'T. McGill', 'Goalkeeper', 17);
INSERT INTO public.jogador (id, data_nascimento, nome, posicao, equipa_id) VALUES (339, '2002-12-16 12:15:04.091', 'L. Gibbs', 'Midfielder', 22);
INSERT INTO public.jogador (id, data_nascimento, nome, posicao, equipa_id) VALUES (340, '2002-09-22 12:15:04.093', 'T. Springett', 'Attacker', 22);
INSERT INTO public.jogador (id, data_nascimento, nome, posicao, equipa_id) VALUES (341, '2003-04-30 12:15:04.095', 'J. Rowe', 'Attacker', 22);
INSERT INTO public.jogador (id, data_nascimento, nome, posicao, equipa_id) VALUES (342, '2002-10-18 12:15:04.098', 'E. Turns', 'Defender', 17);
INSERT INTO public.jogador (id, data_nascimento, nome, posicao, equipa_id) VALUES (343, '1988-05-10 12:15:04.179', 'Adam David Lallana', 'Midfielder', 17);
INSERT INTO public.jogador (id, data_nascimento, nome, posicao, equipa_id) VALUES (344, '1990-11-26 12:15:04.183', 'Daniel Nii Tackie Mensah Welbeck', 'Attacker', 17);
INSERT INTO public.jogador (id, data_nascimento, nome, posicao, equipa_id) VALUES (345, '1992-11-19 12:15:04.186', 'J. Tarkowski', 'Defender', 10);
INSERT INTO public.jogador (id, data_nascimento, nome, posicao, equipa_id) VALUES (346, '1998-09-08 12:15:04.188', 'S. Alzate', 'Midfielder', 17);
INSERT INTO public.jogador (id, data_nascimento, nome, posicao, equipa_id) VALUES (347, '1993-08-12 12:15:04.191', 'Will Norris', 'Goalkeeper', 10);
INSERT INTO public.jogador (id, data_nascimento, nome, posicao, equipa_id) VALUES (348, '1997-03-04 12:15:04.193', 'Freddie Woodman', 'Goalkeeper', 4);
INSERT INTO public.jogador (id, data_nascimento, nome, posicao, equipa_id) VALUES (349, '1989-06-09 12:15:04.197', 'Matthew Lowton', 'Defender', 10);
INSERT INTO public.jogador (id, data_nascimento, nome, posicao, equipa_id) VALUES (350, '1993-09-18 12:15:04.199', 'C. Taylor', 'Defender', 10);
INSERT INTO public.jogador (id, data_nascimento, nome, posicao, equipa_id) VALUES (351, '1991-06-15 12:15:04.202', 'Pascal Gro├ƒ', 'Midfielder', 17);
INSERT INTO public.jogador (id, data_nascimento, nome, posicao, equipa_id) VALUES (352, '1994-07-20 12:15:04.205', 'S. March', 'Midfielder', 17);
INSERT INTO public.jogador (id, data_nascimento, nome, posicao, equipa_id) VALUES (353, '1998-02-27 12:15:04.207', 'T. Cantwell', 'Midfielder', 22);
INSERT INTO public.jogador (id, data_nascimento, nome, posicao, equipa_id) VALUES (354, '1996-08-14 12:15:04.209', 'N. Maupay', 'Attacker', 17);
INSERT INTO public.jogador (id, data_nascimento, nome, posicao, equipa_id) VALUES (355, '1999-04-07 12:15:04.212', 'J. Moder', 'Midfielder', 17);
INSERT INTO public.jogador (id, data_nascimento, nome, posicao, equipa_id) VALUES (356, '1997-03-21 12:15:04.214', 'N. Phillips', 'Defender', 7);
INSERT INTO public.jogador (id, data_nascimento, nome, posicao, equipa_id) VALUES (357, '2004-10-19 12:15:04.217', 'E. Ferguson', 'Attacker', 17);
INSERT INTO public.jogador (id, data_nascimento, nome, posicao, equipa_id) VALUES (358, '2003-10-15 12:15:04.219', 'A. Moran', 'Midfielder', 17);
INSERT INTO public.jogador (id, data_nascimento, nome, posicao, equipa_id) VALUES (359, '2001-04-03 12:15:04.222', 'L. Dendoncker', 'Defender', 17);
INSERT INTO public.jogador (id, data_nascimento, nome, posicao, equipa_id) VALUES (360, '2001-12-19 12:15:04.224', 'M. Leonard', 'Midfielder', 17);
INSERT INTO public.jogador (id, data_nascimento, nome, posicao, equipa_id) VALUES (361, '2002-10-26 12:15:04.227', 'O. Offiah', 'Defender', 17);
INSERT INTO public.jogador (id, data_nascimento, nome, posicao, equipa_id) VALUES (362, '2003-09-09 12:15:04.23', 'S. Waller', 'Goalkeeper', 10);
INSERT INTO public.jogador (id, data_nascimento, nome, posicao, equipa_id) VALUES (363, '1990-10-27 12:15:04.315', 'Johann  Berg Gu├░munds┬¡son', 'Midfielder', 10);
INSERT INTO public.jogador (id, data_nascimento, nome, posicao, equipa_id) VALUES (364, '1985-06-28 12:15:04.318', 'Phil Bardsley', 'Defender', 10);
INSERT INTO public.jogador (id, data_nascimento, nome, posicao, equipa_id) VALUES (365, '1990-08-18 12:15:04.321', 'Kevin Long', 'Defender', 10);
INSERT INTO public.jogador (id, data_nascimento, nome, posicao, equipa_id) VALUES (366, '1989-09-21 12:15:04.324', 'Ben Mee', 'Defender', 10);
INSERT INTO public.jogador (id, data_nascimento, nome, posicao, equipa_id) VALUES (367, '1989-06-25 12:15:04.326', 'Jack Cork', 'Midfielder', 10);
INSERT INTO public.jogador (id, data_nascimento, nome, posicao, equipa_id) VALUES (368, '1987-04-16 12:15:04.329', 'A. Lennon', 'Midfielder', 10);
INSERT INTO public.jogador (id, data_nascimento, nome, posicao, equipa_id) VALUES (369, '1990-04-01 12:15:04.332', 'Ashley Westwood', 'Midfielder', 10);
INSERT INTO public.jogador (id, data_nascimento, nome, posicao, equipa_id) VALUES (370, '1989-10-30 12:15:04.334', 'Ashley Luke Barnes', 'Attacker', 10);
INSERT INTO public.jogador (id, data_nascimento, nome, posicao, equipa_id) VALUES (371, '1999-11-22 12:15:04.337', 'D. McNeil', 'Attacker', 10);
INSERT INTO public.jogador (id, data_nascimento, nome, posicao, equipa_id) VALUES (372, '1992-05-01 12:15:04.339', 'Mat─øj Vydra', 'Attacker', 10);
INSERT INTO public.jogador (id, data_nascimento, nome, posicao, equipa_id) VALUES (373, '1989-06-12 12:15:04.342', 'Dale Stephens', 'Midfielder', 10);
INSERT INTO public.jogador (id, data_nascimento, nome, posicao, equipa_id) VALUES (374, '1989-07-29 12:15:04.344', 'Jay Rodriguez', 'Attacker', 10);
INSERT INTO public.jogador (id, data_nascimento, nome, posicao, equipa_id) VALUES (375, '1995-12-19 12:15:04.348', 'J. Brownhill', 'Midfielder', 10);
INSERT INTO public.jogador (id, data_nascimento, nome, posicao, equipa_id) VALUES (376, '2001-04-06 12:15:04.35', 'A. Gomez Mancini', 'Midfielder', 10);
INSERT INTO public.jogador (id, data_nascimento, nome, posicao, equipa_id) VALUES (377, '1988-08-07 12:15:04.352', 'E. Pieters', 'Defender', 10);
INSERT INTO public.jogador (id, data_nascimento, nome, posicao, equipa_id) VALUES (378, '2002-12-11 12:15:04.355', 'D. Costelloe', 'Attacker', 10);
INSERT INTO public.jogador (id, data_nascimento, nome, posicao, equipa_id) VALUES (379, '2003-02-07 12:15:04.357', 'L. Richardson', 'Attacker', 10);
INSERT INTO public.jogador (id, data_nascimento, nome, posicao, equipa_id) VALUES (380, '2001-10-21 12:15:04.36', 'M. Helm', 'Midfielder', 10);
INSERT INTO public.jogador (id, data_nascimento, nome, posicao, equipa_id) VALUES (381, '2001-01-30 12:15:04.362', 'B. Thomas', 'Defender', 10);
INSERT INTO public.jogador (id, data_nascimento, nome, posicao, equipa_id) VALUES (382, '2003-03-19 12:15:04.366', 'O. Dodgson', 'Defender', 10);
INSERT INTO public.jogador (id, data_nascimento, nome, posicao, equipa_id) VALUES (383, '1990-07-02 12:15:04.452', 'Danny Rose', 'Defender', 5);
INSERT INTO public.jogador (id, data_nascimento, nome, posicao, equipa_id) VALUES (384, '1993-09-30 12:15:04.457', 'K. Sema', 'Midfielder', 5);
INSERT INTO public.jogador (id, data_nascimento, nome, posicao, equipa_id) VALUES (385, '1983-04-03 12:15:04.462', 'B. Foster', 'Goalkeeper', 5);
INSERT INTO public.jogador (id, data_nascimento, nome, posicao, equipa_id) VALUES (386, '1989-02-06 12:15:04.467', 'Craig George Cathcart', 'Defender', 5);
INSERT INTO public.jogador (id, data_nascimento, nome, posicao, equipa_id) VALUES (387, '1991-02-02 12:15:04.469', 'Francisco Femen├¡a Far', 'Defender', 5);
INSERT INTO public.jogador (id, data_nascimento, nome, posicao, equipa_id) VALUES (388, '1991-02-24 12:15:04.472', 'Christian Kabasele', 'Defender', 5);
INSERT INTO public.jogador (id, data_nascimento, nome, posicao, equipa_id) VALUES (389, '1994-12-12 12:15:04.474', 'N. Chalobah', 'Midfielder', 5);
INSERT INTO public.jogador (id, data_nascimento, nome, posicao, equipa_id) VALUES (390, '1989-08-12 12:15:04.477', 'Tom Cleverley', 'Midfielder', 5);
INSERT INTO public.jogador (id, data_nascimento, nome, posicao, equipa_id) VALUES (391, '1990-02-01 12:15:04.479', 'Dan Gosling', 'Midfielder', 5);
INSERT INTO public.jogador (id, data_nascimento, nome, posicao, equipa_id) VALUES (392, '1986-04-30 12:15:04.481', 'R. Elliot', 'Goalkeeper', 5);
INSERT INTO public.jogador (id, data_nascimento, nome, posicao, equipa_id) VALUES (393, '1999-05-01 12:15:04.484', 'I. Louza', 'Midfielder', 5);
INSERT INTO public.jogador (id, data_nascimento, nome, posicao, equipa_id) VALUES (394, '1997-06-19 12:15:04.486', 'S. Ojo', 'Attacker', 7);
INSERT INTO public.jogador (id, data_nascimento, nome, posicao, equipa_id) VALUES (395, '1990-03-27 12:15:04.49', 'Nicolas N''Koulou', 'Defender', 5);
INSERT INTO public.jogador (id, data_nascimento, nome, posicao, equipa_id) VALUES (396, '1994-12-05 12:15:04.493', 'Samir', 'Defender', 5);
INSERT INTO public.jogador (id, data_nascimento, nome, posicao, equipa_id) VALUES (397, '1997-05-06 12:15:04.496', 'F. Sierralta', 'Defender', 5);
INSERT INTO public.jogador (id, data_nascimento, nome, posicao, equipa_id) VALUES (398, '1994-07-09 12:15:04.498', 'Daniel Bachmann', 'Goalkeeper', 5);
INSERT INTO public.jogador (id, data_nascimento, nome, posicao, equipa_id) VALUES (399, '2001-11-23 12:15:04.5', 'J. Morris', 'Defender', 5);
INSERT INTO public.jogador (id, data_nascimento, nome, posicao, equipa_id) VALUES (400, '2001-12-19 12:15:04.502', 'D. Agyakwa', 'Defender', 5);
INSERT INTO public.jogador (id, data_nascimento, nome, posicao, equipa_id) VALUES (401, '2002-09-27 12:15:04.505', 'J. McGlynn', 'Attacker', 10);
INSERT INTO public.jogador (id, data_nascimento, nome, posicao, equipa_id) VALUES (402, '2003-09-12 12:15:04.508', 'V. Angelini', 'Goalkeeper', 5);
INSERT INTO public.jogador (id, data_nascimento, nome, posicao, equipa_id) VALUES (403, '1989-08-16 12:15:04.598', 'Moussa Sissoko', 'Midfielder', 5);
INSERT INTO public.jogador (id, data_nascimento, nome, posicao, equipa_id) VALUES (404, '1998-04-17 12:15:04.601', 'K. Ajer', 'Defender', 19);
INSERT INTO public.jogador (id, data_nascimento, nome, posicao, equipa_id) VALUES (405, '1997-08-26 12:15:04.605', 'S. Kalu', 'Attacker', 5);
INSERT INTO public.jogador (id, data_nascimento, nome, posicao, equipa_id) VALUES (406, '1989-02-01 12:15:04.607', 'Jonas Bybjerg L├Âssl', 'Goalkeeper', 19);
INSERT INTO public.jogador (id, data_nascimento, nome, posicao, equipa_id) VALUES (407, '1990-04-23 12:15:04.611', 'Mathias Jattah-Njie J├©rgensen', 'Defender', 19);
INSERT INTO public.jogador (id, data_nascimento, nome, posicao, equipa_id) VALUES (408, '2001-09-26 12:15:04.614', 'Jo├úo Pedro', 'Attacker', 5);
INSERT INTO public.jogador (id, data_nascimento, nome, posicao, equipa_id) VALUES (409, '1999-06-24 12:15:04.617', 'M. Rasmussen', 'Defender', 19);
INSERT INTO public.jogador (id, data_nascimento, nome, posicao, equipa_id) VALUES (410, '1991-02-13 12:15:04.62', 'Pontus Jansson', 'Defender', 19);
INSERT INTO public.jogador (id, data_nascimento, nome, posicao, equipa_id) VALUES (411, '1997-07-08 12:15:04.622', 'R. Henry', 'Defender', 19);
INSERT INTO public.jogador (id, data_nascimento, nome, posicao, equipa_id) VALUES (412, '1993-05-29 12:15:04.625', 'E. Pinnock', 'Defender', 19);
INSERT INTO public.jogador (id, data_nascimento, nome, posicao, equipa_id) VALUES (413, '1998-04-13 12:15:04.628', '├ülvaro Fern├índez', 'Goalkeeper', 19);
INSERT INTO public.jogador (id, data_nascimento, nome, posicao, equipa_id) VALUES (414, '1999-04-20 12:15:04.631', 'J. Hern├índez', 'Attacker', 5);
INSERT INTO public.jogador (id, data_nascimento, nome, posicao, equipa_id) VALUES (415, '2003-01-27 12:15:04.634', 'K. Baah', 'Attacker', 5);
INSERT INTO public.jogador (id, data_nascimento, nome, posicao, equipa_id) VALUES (416, '2003-01-03 12:15:04.638', 'D. Oyegoke', 'Defender', 19);
INSERT INTO public.jogador (id, data_nascimento, nome, posicao, equipa_id) VALUES (417, '2000-09-07 12:15:04.64', 'J. Ngakia', 'Attacker', 5);
INSERT INTO public.jogador (id, data_nascimento, nome, posicao, equipa_id) VALUES (418, '2003-04-10 12:15:04.643', 'F. Stevens', 'Defender', 19);
INSERT INTO public.jogador (id, data_nascimento, nome, posicao, equipa_id) VALUES (419, '2003-05-02 12:15:04.645', 'M. Cox', 'Goalkeeper', 19);
INSERT INTO public.jogador (id, data_nascimento, nome, posicao, equipa_id) VALUES (420, '2004-05-05 12:15:04.649', 'S. Forde', 'Attacker', 5);
INSERT INTO public.jogador (id, data_nascimento, nome, posicao, equipa_id) VALUES (421, '2005-07-15 12:15:04.651', 'A. Blake', 'Attacker', 5);
INSERT INTO public.jogador (id, data_nascimento, nome, posicao, equipa_id) VALUES (422, '2004-12-05 12:15:04.653', 'J. Grieves', 'Attacker', 5);
INSERT INTO public.jogador (id, data_nascimento, nome, posicao, equipa_id) VALUES (423, '1993-09-06 12:16:05.156', 'Saman Ghoddos', 'Attacker', 19);
INSERT INTO public.jogador (id, data_nascimento, nome, posicao, equipa_id) VALUES (424, '1998-01-01 12:16:05.162', 'F. Onyeka', 'Midfielder', 19);
INSERT INTO public.jogador (id, data_nascimento, nome, posicao, equipa_id) VALUES (425, '1990-10-08 12:16:05.164', 'Karl Darlow', 'Goalkeeper', 4);
INSERT INTO public.jogador (id, data_nascimento, nome, posicao, equipa_id) VALUES (426, '1989-01-15 12:16:05.166', 'Martin D├║bravka', 'Goalkeeper', 4);
INSERT INTO public.jogador (id, data_nascimento, nome, posicao, equipa_id) VALUES (427, '2000-11-07 12:16:05.17', 'J. Oksanen', 'Defender', 19);
INSERT INTO public.jogador (id, data_nascimento, nome, posicao, equipa_id) VALUES (428, '1997-02-02 12:16:05.173', 'Sergi Can├│s', 'Midfielder', 19);
INSERT INTO public.jogador (id, data_nascimento, nome, posicao, equipa_id) VALUES (429, '1998-10-23 12:16:05.175', 'J. Dasilva', 'Attacker', 19);
INSERT INTO public.jogador (id, data_nascimento, nome, posicao, equipa_id) VALUES (430, '1995-11-05 12:16:05.178', 'T. Fosu', 'Midfielder', 19);
INSERT INTO public.jogador (id, data_nascimento, nome, posicao, equipa_id) VALUES (431, '1996-03-16 12:16:05.181', 'I. Toney', 'Attacker', 19);
INSERT INTO public.jogador (id, data_nascimento, nome, posicao, equipa_id) VALUES (432, '1998-04-08 12:16:05.184', 'S. Baptiste', 'Midfielder', 19);
INSERT INTO public.jogador (id, data_nascimento, nome, posicao, equipa_id) VALUES (433, '1999-08-07 12:16:05.188', 'B. Mbeumo', 'Attacker', 19);
INSERT INTO public.jogador (id, data_nascimento, nome, posicao, equipa_id) VALUES (434, '1998-05-10 12:16:05.191', 'V. Janelt', 'Midfielder', 19);
INSERT INTO public.jogador (id, data_nascimento, nome, posicao, equipa_id) VALUES (435, '1992-03-27 12:16:05.193', 'Mark Gillespie', 'Goalkeeper', 4);
INSERT INTO public.jogador (id, data_nascimento, nome, posicao, equipa_id) VALUES (436, '2000-12-28 12:16:05.195', 'D. Langley', 'Goalkeeper', 4);
INSERT INTO public.jogador (id, data_nascimento, nome, posicao, equipa_id) VALUES (437, '2003-01-15 12:16:05.199', 'N. Young-Coombes', 'Attacker', 19);
INSERT INTO public.jogador (id, data_nascimento, nome, posicao, equipa_id) VALUES (438, '2001-05-08 12:16:05.202', 'P. Maghoma', 'Midfielder', 19);
INSERT INTO public.jogador (id, data_nascimento, nome, posicao, equipa_id) VALUES (439, '2002-09-18 12:16:05.205', 'M. Peart-Harris', 'Midfielder', 19);
INSERT INTO public.jogador (id, data_nascimento, nome, posicao, equipa_id) VALUES (440, '2001-02-12 12:16:05.208', 'L. Gordon', 'Defender', 19);
INSERT INTO public.jogador (id, data_nascimento, nome, posicao, equipa_id) VALUES (441, '2001-12-28 12:16:05.211', 'A. Gilbert', 'Attacker', 19);
INSERT INTO public.jogador (id, data_nascimento, nome, posicao, equipa_id) VALUES (442, '2002-01-21 12:16:05.213', 'M. Haygarth', 'Midfielder', 19);
INSERT INTO public.jogador (id, data_nascimento, nome, posicao, equipa_id) VALUES (443, '1996-08-14 12:16:05.293', 'Joelinton', 'Attacker', 4);
INSERT INTO public.jogador (id, data_nascimento, nome, posicao, equipa_id) VALUES (444, '1999-08-20 12:16:05.297', 'J. Willock', 'Midfielder', 4);
INSERT INTO public.jogador (id, data_nascimento, nome, posicao, equipa_id) VALUES (445, '1992-02-27 12:16:05.299', 'Callum Wilson', 'Attacker', 4);
INSERT INTO public.jogador (id, data_nascimento, nome, posicao, equipa_id) VALUES (446, '1994-02-24 12:16:05.303', 'R. Fraser', 'Midfielder', 4);
INSERT INTO public.jogador (id, data_nascimento, nome, posicao, equipa_id) VALUES (447, '1989-09-26 12:16:05.306', 'Ciaran Clark', 'Defender', 4);
INSERT INTO public.jogador (id, data_nascimento, nome, posicao, equipa_id) VALUES (448, '1991-09-26 12:16:05.309', 'P. Dummett', 'Defender', 4);
INSERT INTO public.jogador (id, data_nascimento, nome, posicao, equipa_id) VALUES (449, '1989-02-21 12:16:05.312', 'Federico Fern├índez', 'Defender', 4);
INSERT INTO public.jogador (id, data_nascimento, nome, posicao, equipa_id) VALUES (450, '1993-11-11 12:16:05.315', 'J. Lascelles', 'Defender', 4);
INSERT INTO public.jogador (id, data_nascimento, nome, posicao, equipa_id) VALUES (451, '1994-05-05 12:16:05.317', 'Javi Manquillo', 'Defender', 4);
INSERT INTO public.jogador (id, data_nascimento, nome, posicao, equipa_id) VALUES (452, '1995-03-22 12:16:05.321', 'I. Hayden', 'Midfielder', 4);
INSERT INTO public.jogador (id, data_nascimento, nome, posicao, equipa_id) VALUES (453, '1997-10-30 12:16:05.323', 'S. Longstaff', 'Midfielder', 4);
INSERT INTO public.jogador (id, data_nascimento, nome, posicao, equipa_id) VALUES (454, '1989-09-10 12:16:05.326', 'Matt Ritchie', 'Midfielder', 4);
INSERT INTO public.jogador (id, data_nascimento, nome, posicao, equipa_id) VALUES (455, '1992-02-27 12:16:05.329', 'Jonjo Shelvey', 'Midfielder', 4);
INSERT INTO public.jogador (id, data_nascimento, nome, posicao, equipa_id) VALUES (456, '1995-09-18 12:16:05.332', 'M. Targett', 'Defender', 4);
INSERT INTO public.jogador (id, data_nascimento, nome, posicao, equipa_id) VALUES (457, '1992-05-09 12:16:05.335', 'Dan Burn', 'Defender', 4);
INSERT INTO public.jogador (id, data_nascimento, nome, posicao, equipa_id) VALUES (458, '1998-01-25 12:16:05.337', 'J. Lewis', 'Defender', 4);
INSERT INTO public.jogador (id, data_nascimento, nome, posicao, equipa_id) VALUES (459, '1995-02-24 12:16:05.34', 'J. Murphy', 'Midfielder', 4);
INSERT INTO public.jogador (id, data_nascimento, nome, posicao, equipa_id) VALUES (460, '1997-03-12 12:16:05.343', 'A. Saint-Maximin', 'Midfielder', 4);
INSERT INTO public.jogador (id, data_nascimento, nome, posicao, equipa_id) VALUES (461, '2000-02-27 12:16:05.345', 'L. Cass', 'Defender', 4);
INSERT INTO public.jogador (id, data_nascimento, nome, posicao, equipa_id) VALUES (462, '2002-10-22 12:16:05.348', 'L. De Bolle', 'Midfielder', 4);
INSERT INTO public.jogador (id, data_nascimento, nome, posicao, equipa_id) VALUES (463, '2000-12-04 12:16:05.45', 'T. Richards', 'Midfielder', 17);
INSERT INTO public.jogador (id, data_nascimento, nome, posicao, equipa_id) VALUES (464, '1997-07-13 12:16:05.453', 'F. Benkovi─ç', 'Defender', 12);
INSERT INTO public.jogador (id, data_nascimento, nome, posicao, equipa_id) VALUES (465, '1996-01-07 12:16:05.456', 'I. Success', 'Attacker', 5);
INSERT INTO public.jogador (id, data_nascimento, nome, posicao, equipa_id) VALUES (466, '2001-09-28 12:16:05.458', 'Matthew William Pollock', 'Defender', 5);
INSERT INTO public.jogador (id, data_nascimento, nome, posicao, equipa_id) VALUES (467, '1988-06-29 12:16:05.462', 'T. Deeney', 'Attacker', 5);
INSERT INTO public.jogador (id, data_nascimento, nome, posicao, equipa_id) VALUES (468, '1991-06-26 12:16:05.465', 'Andre Anthony Gray', 'Attacker', 5);
INSERT INTO public.jogador (id, data_nascimento, nome, posicao, equipa_id) VALUES (469, '1993-02-01 12:16:05.467', 'O. Hern├índez', 'Midfielder', 22);
INSERT INTO public.jogador (id, data_nascimento, nome, posicao, equipa_id) VALUES (470, '1989-10-17 12:16:05.469', 'Dwight Gayle', 'Attacker', 4);
INSERT INTO public.jogador (id, data_nascimento, nome, posicao, equipa_id) VALUES (471, '1992-06-04 12:16:05.472', 'J. Hugill', 'Attacker', 22);
INSERT INTO public.jogador (id, data_nascimento, nome, posicao, equipa_id) VALUES (472, '1995-11-09 12:16:05.474', 'Christian Timothy Walton', 'Goalkeeper', 17);
INSERT INTO public.jogador (id, data_nascimento, nome, posicao, equipa_id) VALUES (473, '1993-08-31 12:16:05.476', 'Pablo Mar├¡', 'Defender', 9);
INSERT INTO public.jogador (id, data_nascimento, nome, posicao, equipa_id) VALUES (474, '1999-12-15 12:16:05.48', 'D. Sanderson', 'Defender', 6);
INSERT INTO public.jogador (id, data_nascimento, nome, posicao, equipa_id) VALUES (475, '2000-07-26 12:16:05.482', 'Dominic Lewis Thompson', 'Defender', 19);
INSERT INTO public.jogador (id, data_nascimento, nome, posicao, equipa_id) VALUES (476, '2001-12-09 12:16:05.484', 'C. Archer', 'Attacker', 21);
INSERT INTO public.jogador (id, data_nascimento, nome, posicao, equipa_id) VALUES (477, '2003-04-24 12:16:05.487', 'Filip Marschall', 'Goalkeeper', 21);
INSERT INTO public.jogador (id, data_nascimento, nome, posicao, equipa_id) VALUES (478, '2001-10-17 12:16:05.49', 'T. Doyle', 'Midfielder', 16);
INSERT INTO public.jogador (id, data_nascimento, nome, posicao, equipa_id) VALUES (479, '2001-12-08 12:16:05.492', 'C. Drameh', 'Defender', 20);
INSERT INTO public.jogador (id, data_nascimento, nome, posicao, equipa_id) VALUES (480, '2002-04-30 12:16:05.494', 'T. Mengi', 'Defender', 3);
INSERT INTO public.jogador (id, data_nascimento, nome, posicao, equipa_id) VALUES (481, '2003-06-17 12:16:05.497', 'F. Burns', 'Defender', 16);
INSERT INTO public.jogador (id, data_nascimento, nome, posicao, equipa_id) VALUES (482, '2003-01-21 12:16:05.5', 'Aaron James Ramsey', 'Midfielder', 21);
INSERT INTO public.jogador (id, data_nascimento, nome, posicao, equipa_id) VALUES (483, '1998-01-03 12:16:05.587', 'P. Cutrone', 'Attacker', 6);
INSERT INTO public.jogador (id, data_nascimento, nome, posicao, equipa_id) VALUES (484, '1985-04-18 12:16:05.59', '┼ü. Fabia┼äski', 'Goalkeeper', 14);
INSERT INTO public.jogador (id, data_nascimento, nome, posicao, equipa_id) VALUES (485, '1999-11-08 12:16:05.593', 'Frederik Alves Ibsen', 'Defender', 14);
INSERT INTO public.jogador (id, data_nascimento, nome, posicao, equipa_id) VALUES (486, '1989-12-15 12:16:05.596', 'Aaron Cresswell', 'Defender', 14);
INSERT INTO public.jogador (id, data_nascimento, nome, posicao, equipa_id) VALUES (487, '1997-01-09 12:16:05.598', 'I. Diop', 'Defender', 14);
INSERT INTO public.jogador (id, data_nascimento, nome, posicao, equipa_id) VALUES (488, '1992-10-10 12:16:05.601', 'R. Fredericks', 'Defender', 14);
INSERT INTO public.jogador (id, data_nascimento, nome, posicao, equipa_id) VALUES (489, '1993-11-07 12:16:05.604', 'A. Masuaku', 'Defender', 14);
INSERT INTO public.jogador (id, data_nascimento, nome, posicao, equipa_id) VALUES (490, '1988-05-23 12:16:05.607', 'Angelo Obinze Ogbonna', 'Defender', 14);
INSERT INTO public.jogador (id, data_nascimento, nome, posicao, equipa_id) VALUES (491, '2000-03-25 12:16:05.609', 'Conor Coventry', 'Midfielder', 14);
INSERT INTO public.jogador (id, data_nascimento, nome, posicao, equipa_id) VALUES (492, '2000-01-24 12:16:05.611', 'B. Johnson', 'Defender', 14);
INSERT INTO public.jogador (id, data_nascimento, nome, posicao, equipa_id) VALUES (493, '2000-11-23 12:16:05.614', 'Jack Raymond Clarke', 'Attacker', 13);
INSERT INTO public.jogador (id, data_nascimento, nome, posicao, equipa_id) VALUES (494, '1990-05-06 12:16:05.616', 'Craig Dawson', 'Defender', 14);
INSERT INTO public.jogador (id, data_nascimento, nome, posicao, equipa_id) VALUES (495, '1997-11-14 12:16:05.618', 'A. Tuanzebe', 'Defender', 21);
INSERT INTO public.jogador (id, data_nascimento, nome, posicao, equipa_id) VALUES (496, '1987-05-12 12:16:05.622', 'Darren Randolph', 'Goalkeeper', 14);
INSERT INTO public.jogador (id, data_nascimento, nome, posicao, equipa_id) VALUES (497, '1986-01-22 12:16:05.624', 'David Edward Martin', 'Goalkeeper', 14);
INSERT INTO public.jogador (id, data_nascimento, nome, posicao, equipa_id) VALUES (498, '2001-01-17 12:16:05.626', 'A. Alese', 'Defender', 14);
INSERT INTO public.jogador (id, data_nascimento, nome, posicao, equipa_id) VALUES (499, '2002-01-06 12:16:05.629', 'Louie Moulden', 'Goalkeeper', 6);
INSERT INTO public.jogador (id, data_nascimento, nome, posicao, equipa_id) VALUES (500, '2002-07-11 12:16:05.631', 'A. Diallo', 'Attacker', 3);
INSERT INTO public.jogador (id, data_nascimento, nome, posicao, equipa_id) VALUES (501, '2001-12-17 12:16:05.634', 'Ryan Alebiosu', 'Midfielder', 9);
INSERT INTO public.jogador (id, data_nascimento, nome, posicao, equipa_id) VALUES (502, '2002-10-23 12:16:05.639', 'Kaine Kessler Hayden', 'Defender', 21);
INSERT INTO public.jogador (id, data_nascimento, nome, posicao, equipa_id) VALUES (503, '2002-03-02 12:16:05.732', 'A. Okoflex', 'Midfielder', 14);
INSERT INTO public.jogador (id, data_nascimento, nome, posicao, equipa_id) VALUES (504, '1998-05-19 12:16:05.736', 'A. Kr├íl', 'Midfielder', 14);
INSERT INTO public.jogador (id, data_nascimento, nome, posicao, equipa_id) VALUES (505, '1996-02-22 12:16:05.74', 'Pablo Fornals', 'Midfielder', 14);
INSERT INTO public.jogador (id, data_nascimento, nome, posicao, equipa_id) VALUES (506, '1998-10-12 12:16:05.743', 'Bruno Jord├úo', 'Midfielder', 6);
INSERT INTO public.jogador (id, data_nascimento, nome, posicao, equipa_id) VALUES (507, '1999-10-10 12:16:05.747', 'Jo├úo Manuel Neves Virginia', 'Goalkeeper', 11);
INSERT INTO public.jogador (id, data_nascimento, nome, posicao, equipa_id) VALUES (508, '1990-03-28 12:16:05.749', 'Michail Gregory Antonio', 'Attacker', 14);
INSERT INTO public.jogador (id, data_nascimento, nome, posicao, equipa_id) VALUES (509, '1987-05-08 12:16:05.752', 'Mark Noble', 'Midfielder', 14);
INSERT INTO public.jogador (id, data_nascimento, nome, posicao, equipa_id) VALUES (510, '1995-08-10 12:16:05.755', 'S. Benrahma', 'Attacker', 14);
INSERT INTO public.jogador (id, data_nascimento, nome, posicao, equipa_id) VALUES (511, '2001-03-13 12:16:05.757', 'Micha┼é Karbownik', 'Defender', 17);
INSERT INTO public.jogador (id, data_nascimento, nome, posicao, equipa_id) VALUES (512, '2001-01-17 12:16:05.76', 'Andreas S├©ndergaard', 'Goalkeeper', 6);
INSERT INTO public.jogador (id, data_nascimento, nome, posicao, equipa_id) VALUES (513, '2001-08-19 12:16:05.762', 'Liam John Hughes', 'Goalkeeper', 7);
INSERT INTO public.jogador (id, data_nascimento, nome, posicao, equipa_id) VALUES (514, '2001-10-16 12:16:05.766', 'K. Appiah-Forson', 'Midfielder', 14);
INSERT INTO public.jogador (id, data_nascimento, nome, posicao, equipa_id) VALUES (515, '2002-12-04 12:16:05.768', 'K. Simon-Swyer', 'Midfielder', 14);
INSERT INTO public.jogador (id, data_nascimento, nome, posicao, equipa_id) VALUES (516, '2000-12-27 12:16:05.77', 'M. Emmanuel', 'Defender', 14);
INSERT INTO public.jogador (id, data_nascimento, nome, posicao, equipa_id) VALUES (517, '2002-04-04 12:16:05.773', 'D. Chesters', 'Attacker', 14);
INSERT INTO public.jogador (id, data_nascimento, nome, posicao, equipa_id) VALUES (518, '2001-11-14 12:16:05.776', 'H. Ashby', 'Defender', 14);
INSERT INTO public.jogador (id, data_nascimento, nome, posicao, equipa_id) VALUES (519, '2003-11-11 12:16:05.778', 'J. Baptiste', 'Defender', 14);
INSERT INTO public.jogador (id, data_nascimento, nome, posicao, equipa_id) VALUES (520, '2002-01-15 12:16:05.781', 'P. Ekwah', 'Defender', 14);
INSERT INTO public.jogador (id, data_nascimento, nome, posicao, equipa_id) VALUES (521, '2004-02-10 12:16:05.784', 'S. Perkins', 'Midfielder', 14);
INSERT INTO public.jogador (id, data_nascimento, nome, posicao, equipa_id) VALUES (522, '2003-09-12 12:16:05.786', 'F. Potts', 'Midfielder', 14);
INSERT INTO public.jogador (id, data_nascimento, nome, posicao, equipa_id) VALUES (523, '1990-10-27 12:16:05.87', 'Johann  Berg Gu├░munds┬¡son', 'Midfielder', 10);
INSERT INTO public.jogador (id, data_nascimento, nome, posicao, equipa_id) VALUES (524, '1985-06-28 12:16:05.874', 'Phil Bardsley', 'Defender', 10);
INSERT INTO public.jogador (id, data_nascimento, nome, posicao, equipa_id) VALUES (525, '1990-08-18 12:16:05.878', 'Kevin Long', 'Defender', 10);
INSERT INTO public.jogador (id, data_nascimento, nome, posicao, equipa_id) VALUES (526, '1989-06-25 12:16:05.881', 'Jack Cork', 'Midfielder', 10);
INSERT INTO public.jogador (id, data_nascimento, nome, posicao, equipa_id) VALUES (527, '1987-04-16 12:16:05.885', 'A. Lennon', 'Midfielder', 10);
INSERT INTO public.jogador (id, data_nascimento, nome, posicao, equipa_id) VALUES (528, '1990-04-01 12:16:05.888', 'Ashley Westwood', 'Midfielder', 10);
INSERT INTO public.jogador (id, data_nascimento, nome, posicao, equipa_id) VALUES (529, '1989-10-30 12:16:05.892', 'Ashley Luke Barnes', 'Attacker', 10);
INSERT INTO public.jogador (id, data_nascimento, nome, posicao, equipa_id) VALUES (530, '1999-11-22 12:16:05.895', 'D. McNeil', 'Attacker', 10);
INSERT INTO public.jogador (id, data_nascimento, nome, posicao, equipa_id) VALUES (531, '1992-05-01 12:16:05.899', 'Mat─øj Vydra', 'Attacker', 10);
INSERT INTO public.jogador (id, data_nascimento, nome, posicao, equipa_id) VALUES (532, '1989-06-12 12:16:05.902', 'Dale Stephens', 'Midfielder', 10);
INSERT INTO public.jogador (id, data_nascimento, nome, posicao, equipa_id) VALUES (533, '1989-07-29 12:16:05.906', 'Jay Rodriguez', 'Attacker', 10);
INSERT INTO public.jogador (id, data_nascimento, nome, posicao, equipa_id) VALUES (534, '1995-12-19 12:16:05.909', 'J. Brownhill', 'Midfielder', 10);
INSERT INTO public.jogador (id, data_nascimento, nome, posicao, equipa_id) VALUES (535, '1995-09-23 12:16:05.912', 'C. Roberts', 'Defender', 10);
INSERT INTO public.jogador (id, data_nascimento, nome, posicao, equipa_id) VALUES (536, '2001-04-30 12:16:05.915', 'N. Collins', 'Defender', 10);
INSERT INTO public.jogador (id, data_nascimento, nome, posicao, equipa_id) VALUES (537, '2001-04-06 12:16:05.917', 'A. Gomez Mancini', 'Midfielder', 10);
INSERT INTO public.jogador (id, data_nascimento, nome, posicao, equipa_id) VALUES (538, '1988-08-07 12:16:05.921', 'E. Pieters', 'Defender', 10);
INSERT INTO public.jogador (id, data_nascimento, nome, posicao, equipa_id) VALUES (539, '1992-08-07 12:16:05.924', 'W. Weghorst', 'Attacker', 10);
INSERT INTO public.jogador (id, data_nascimento, nome, posicao, equipa_id) VALUES (540, '2001-10-21 12:16:05.926', 'M. Helm', 'Midfielder', 10);
INSERT INTO public.jogador (id, data_nascimento, nome, posicao, equipa_id) VALUES (541, '2001-01-30 12:16:05.929', 'B. Thomas', 'Defender', 10);
INSERT INTO public.jogador (id, data_nascimento, nome, posicao, equipa_id) VALUES (542, '2003-03-19 12:16:05.933', 'O. Dodgson', 'Defender', 10);
INSERT INTO public.jogador (id, data_nascimento, nome, posicao, equipa_id) VALUES (543, '1994-08-10 12:16:06.02', 'Bernardo Silva', 'Midfielder', 16);
INSERT INTO public.jogador (id, data_nascimento, nome, posicao, equipa_id) VALUES (544, '1996-12-15 12:16:06.025', 'O. Zinchenko', 'Midfielder', 16);
INSERT INTO public.jogador (id, data_nascimento, nome, posicao, equipa_id) VALUES (545, '1994-05-27 12:16:06.029', 'Jo├úo Pedro Cavaco Cancelo', 'Defender', 16);
INSERT INTO public.jogador (id, data_nascimento, nome, posicao, equipa_id) VALUES (546, '1985-02-05 12:16:06.032', 'Cristiano Ronaldo', 'Attacker', 3);
INSERT INTO public.jogador (id, data_nascimento, nome, posicao, equipa_id) VALUES (547, '1999-03-18 12:16:06.034', 'Diogo Dalot', 'Defender', 3);
INSERT INTO public.jogador (id, data_nascimento, nome, posicao, equipa_id) VALUES (548, '1997-08-29 12:16:06.038', 'A. Maitland-Niles', 'Midfielder', 9);
INSERT INTO public.jogador (id, data_nascimento, nome, posicao, equipa_id) VALUES (549, '1994-09-08 12:16:06.041', 'Bruno Fernandes', 'Midfielder', 3);
INSERT INTO public.jogador (id, data_nascimento, nome, posicao, equipa_id) VALUES (550, '1993-01-17 12:16:06.044', 'Jos├® Pedro Malheiro de S├í', 'Goalkeeper', 6);
INSERT INTO public.jogador (id, data_nascimento, nome, posicao, equipa_id) VALUES (551, '1999-05-29 12:16:06.047', 'V. Mykolenko', 'Defender', 11);
INSERT INTO public.jogador (id, data_nascimento, nome, posicao, equipa_id) VALUES (552, '1997-03-13 12:16:06.049', 'R├║ben Neves', 'Midfielder', 6);
INSERT INTO public.jogador (id, data_nascimento, nome, posicao, equipa_id) VALUES (553, '1986-09-08 12:16:06.052', 'Jo├úo Filipe Iria Santos Moutinho', 'Midfielder', 6);
INSERT INTO public.jogador (id, data_nascimento, nome, posicao, equipa_id) VALUES (554, '1996-12-04 12:16:06.056', 'Diogo Jota', 'Attacker', 7);
INSERT INTO public.jogador (id, data_nascimento, nome, posicao, equipa_id) VALUES (555, '1998-12-06 12:16:06.059', 'Emmanuel Okokon Idem', 'Goalkeeper', NULL);
INSERT INTO public.jogador (id, data_nascimento, nome, posicao, equipa_id) VALUES (556, '1989-10-23 12:16:06.062', 'Andrii Yarmolenko', 'Midfielder', 14);
INSERT INTO public.jogador (id, data_nascimento, nome, posicao, equipa_id) VALUES (557, '1995-07-07 12:16:06.066', 'Stipe Perica', 'Attacker', 5);
INSERT INTO public.jogador (id, data_nascimento, nome, posicao, equipa_id) VALUES (558, '2000-03-21 12:16:06.068', 'Matthew Ben Longstaff', 'Midfielder', 4);
INSERT INTO public.jogador (id, data_nascimento, nome, posicao, equipa_id) VALUES (559, '2002-11-06 12:16:06.071', 'Elliot Anderson', 'Midfielder', 4);
INSERT INTO public.jogador (id, data_nascimento, nome, posicao, equipa_id) VALUES (560, '2001-05-15 12:16:06.074', 'Jake O''Brien', 'Defender', NULL);
INSERT INTO public.jogador (id, data_nascimento, nome, posicao, equipa_id) VALUES (561, '2001-11-22 12:16:06.076', 'Kasey McAteer', 'Midfielder', 12);
INSERT INTO public.jogador (id, data_nascimento, nome, posicao, equipa_id) VALUES (562, NULL, 'Jacob Bunch', 'Midfielder', NULL);
INSERT INTO public.jogador (id, data_nascimento, nome, posicao, equipa_id) VALUES (563, '1994-01-15 12:16:06.172', 'E. Dier', 'Midfielder', 13);
INSERT INTO public.jogador (id, data_nascimento, nome, posicao, equipa_id) VALUES (564, '1992-08-13 12:16:06.175', 'Lucas Rodrigues Moura da Silva', 'Midfielder', 13);
INSERT INTO public.jogador (id, data_nascimento, nome, posicao, equipa_id) VALUES (565, '1996-02-02 12:16:06.179', 'H. Winks', 'Midfielder', 13);
INSERT INTO public.jogador (id, data_nascimento, nome, posicao, equipa_id) VALUES (566, '1997-02-10 12:16:06.182', 'P. Sandler', 'Defender', 16);
INSERT INTO public.jogador (id, data_nascimento, nome, posicao, equipa_id) VALUES (567, '1999-12-10 12:16:06.186', 'R. Nelson', 'Attacker', 9);
INSERT INTO public.jogador (id, data_nascimento, nome, posicao, equipa_id) VALUES (568, '1996-12-16 12:16:06.189', 'Reguil├│n', 'Defender', 13);
INSERT INTO public.jogador (id, data_nascimento, nome, posicao, equipa_id) VALUES (569, '1999-01-14 12:16:06.191', 'Emerson', 'Defender', 13);
INSERT INTO public.jogador (id, data_nascimento, nome, posicao, equipa_id) VALUES (570, '1992-01-16 12:16:06.194', 'Matthew James Doherty', 'Defender', 13);
INSERT INTO public.jogador (id, data_nascimento, nome, posicao, equipa_id) VALUES (571, '2000-05-18 12:16:06.198', 'R. Sessegnon', 'Midfielder', 13);
INSERT INTO public.jogador (id, data_nascimento, nome, posicao, equipa_id) VALUES (572, '1995-03-18 12:16:06.202', 'Pierluigi Gollini', 'Goalkeeper', 13);
INSERT INTO public.jogador (id, data_nascimento, nome, posicao, equipa_id) VALUES (573, '2000-12-16 12:16:06.204', 'M. Lavinier', 'Defender', 13);
INSERT INTO public.jogador (id, data_nascimento, nome, posicao, equipa_id) VALUES (574, '1999-12-17 12:16:06.207', 'T. Omole', 'Defender', 13);
INSERT INTO public.jogador (id, data_nascimento, nome, posicao, equipa_id) VALUES (575, '2000-12-01 12:16:06.21', 'B. Lyons-Foster', 'Defender', 13);
INSERT INTO public.jogador (id, data_nascimento, nome, posicao, equipa_id) VALUES (576, '2002-10-01 12:16:06.213', 'Joe Peter White', 'Midfielder', 4);
INSERT INTO public.jogador (id, data_nascimento, nome, posicao, equipa_id) VALUES (577, '1999-03-31 12:16:06.216', 'J. Tanganga', 'Defender', 13);
INSERT INTO public.jogador (id, data_nascimento, nome, posicao, equipa_id) VALUES (578, '2002-03-13 12:16:06.219', 'Dynel Brown Kembo Simeu', 'Defender', 8);
INSERT INTO public.jogador (id, data_nascimento, nome, posicao, equipa_id) VALUES (579, '2002-03-11 12:16:06.222', 'M. Fagan-Walcott', 'Defender', 13);
INSERT INTO public.jogador (id, data_nascimento, nome, posicao, equipa_id) VALUES (580, '1999-01-08 12:16:06.225', 'Brandon Anthony Austin', 'Goalkeeper', 13);
INSERT INTO public.jogador (id, data_nascimento, nome, posicao, equipa_id) VALUES (581, '2001-10-03 12:16:06.228', 'Joseph Alan Willis', 'Midfielder', NULL);
INSERT INTO public.jogador (id, data_nascimento, nome, posicao, equipa_id) VALUES (582, '2003-09-15 12:16:06.231', 'Shay Willock', 'Midfielder', NULL);
INSERT INTO public.jogador (id, data_nascimento, nome, posicao, equipa_id) VALUES (583, '1992-08-13 12:16:06.316', 'Lucas Rodrigues Moura da Silva', 'Midfielder', 13);
INSERT INTO public.jogador (id, data_nascimento, nome, posicao, equipa_id) VALUES (584, '2000-09-16 12:16:06.322', 'O. Skipp', 'Midfielder', 13);
INSERT INTO public.jogador (id, data_nascimento, nome, posicao, equipa_id) VALUES (585, '1997-06-25 12:16:06.325', 'R. Bentancur', 'Midfielder', 13);
INSERT INTO public.jogador (id, data_nascimento, nome, posicao, equipa_id) VALUES (586, '1994-12-21 12:16:06.327', 'D. Amartey', 'Defender', 12);
INSERT INTO public.jogador (id, data_nascimento, nome, posicao, equipa_id) VALUES (587, '1984-10-02 12:16:06.33', 'Eldin Jakupovic', 'Goalkeeper', 12);
INSERT INTO public.jogador (id, data_nascimento, nome, posicao, equipa_id) VALUES (588, '1993-10-06 12:16:06.333', 'Ricardo Pereira', 'Defender', 12);
INSERT INTO public.jogador (id, data_nascimento, nome, posicao, equipa_id) VALUES (589, '1988-01-03 12:16:06.336', 'Jonathan Grant  Evans', 'Defender', 12);
INSERT INTO public.jogador (id, data_nascimento, nome, posicao, equipa_id) VALUES (590, '1989-08-05 12:16:06.339', 'Ryan Bertrand', 'Defender', 12);
INSERT INTO public.jogador (id, data_nascimento, nome, posicao, equipa_id) VALUES (591, '2000-05-18 12:16:06.341', 'R. Sessegnon', 'Midfielder', 13);
INSERT INTO public.jogador (id, data_nascimento, nome, posicao, equipa_id) VALUES (592, '2000-12-17 12:16:06.345', 'W. Fofana', 'Defender', 12);
INSERT INTO public.jogador (id, data_nascimento, nome, posicao, equipa_id) VALUES (593, '2001-09-19 12:16:06.347', 'H. White', 'Midfielder', 13);
INSERT INTO public.jogador (id, data_nascimento, nome, posicao, equipa_id) VALUES (594, '2001-06-10 12:16:06.351', 'L. Thomas', 'Defender', 12);
INSERT INTO public.jogador (id, data_nascimento, nome, posicao, equipa_id) VALUES (595, '2001-07-09 12:16:06.354', 'J. Bowden', 'Midfielder', 13);
INSERT INTO public.jogador (id, data_nascimento, nome, posicao, equipa_id) VALUES (596, '2003-04-16 12:16:06.357', 'Matthew Craig', 'Midfielder', 13);
INSERT INTO public.jogador (id, data_nascimento, nome, posicao, equipa_id) VALUES (597, '2004-03-24 12:16:06.359', 'D. Scarlett', 'Attacker', 13);
INSERT INTO public.jogador (id, data_nascimento, nome, posicao, equipa_id) VALUES (598, '2002-10-14 12:16:06.362', 'C. Odunze', 'Goalkeeper', 12);
INSERT INTO public.jogador (id, data_nascimento, nome, posicao, equipa_id) VALUES (599, '2004-08-01 12:16:06.365', 'A. Devine', 'Midfielder', 13);
INSERT INTO public.jogador (id, data_nascimento, nome, posicao, equipa_id) VALUES (600, '2004-03-18 12:16:06.368', 'B. Nelson', 'Defender', 12);
INSERT INTO public.jogador (id, data_nascimento, nome, posicao, equipa_id) VALUES (601, '2003-04-24 12:16:06.371', 'R. Mundle', 'Midfielder', 13);
INSERT INTO public.jogador (id, data_nascimento, nome, posicao, equipa_id) VALUES (602, '2002-09-04 12:16:06.375', 'K. Cesay', 'Midfielder', 13);
INSERT INTO public.jogador (id, data_nascimento, nome, posicao, equipa_id) VALUES (603, '1998-10-09 12:16:06.461', 'P. Daka', 'Attacker', 12);
INSERT INTO public.jogador (id, data_nascimento, nome, posicao, equipa_id) VALUES (604, '1993-02-15 12:16:06.464', 'Manuel Lanzini', 'Midfielder', 14);
INSERT INTO public.jogador (id, data_nascimento, nome, posicao, equipa_id) VALUES (605, '1996-10-03 12:16:06.468', 'K. ß╗èheanachß╗ì', 'Attacker', 12);
INSERT INTO public.jogador (id, data_nascimento, nome, posicao, equipa_id) VALUES (606, '1989-11-18 12:16:06.471', 'Marc Albrighton', 'Midfielder', 12);
INSERT INTO public.jogador (id, data_nascimento, nome, posicao, equipa_id) VALUES (607, '1997-12-09 12:16:06.475', 'H. Barnes', 'Midfielder', 12);
INSERT INTO public.jogador (id, data_nascimento, nome, posicao, equipa_id) VALUES (608, '1997-10-01 12:16:06.477', 'H. Choudhury', 'Midfielder', 12);
INSERT INTO public.jogador (id, data_nascimento, nome, posicao, equipa_id) VALUES (609, '1996-11-23 12:16:06.481', 'J. Maddison', 'Midfielder', 12);
INSERT INTO public.jogador (id, data_nascimento, nome, posicao, equipa_id) VALUES (610, '1996-12-16 12:16:06.484', 'W. Ndidi', 'Midfielder', 12);
INSERT INTO public.jogador (id, data_nascimento, nome, posicao, equipa_id) VALUES (611, '1987-01-11 12:16:06.487', 'Jamie Vardy', 'Attacker', 12);
INSERT INTO public.jogador (id, data_nascimento, nome, posicao, equipa_id) VALUES (612, '1993-07-29 12:16:06.491', 'Ayoze P├®rez Guti├®rrez', 'Attacker', 12);
INSERT INTO public.jogador (id, data_nascimento, nome, posicao, equipa_id) VALUES (613, '1999-02-27 12:16:06.493', 'B. Soumar├®', 'Midfielder', 12);
INSERT INTO public.jogador (id, data_nascimento, nome, posicao, equipa_id) VALUES (614, '1995-03-23 12:16:06.497', 'O. Tufan', 'Midfielder', 5);
INSERT INTO public.jogador (id, data_nascimento, nome, posicao, equipa_id) VALUES (615, '2003-01-19 12:16:06.5', 'M. Paskot┼íi', 'Defender', 13);
INSERT INTO public.jogador (id, data_nascimento, nome, posicao, equipa_id) VALUES (616, '2000-11-06 12:16:06.502', 'L. Brunt', 'Midfielder', 12);
INSERT INTO public.jogador (id, data_nascimento, nome, posicao, equipa_id) VALUES (617, '1998-09-06 12:16:06.507', 'K. Dewsbury-Hall', 'Midfielder', 12);
INSERT INTO public.jogador (id, data_nascimento, nome, posicao, equipa_id) VALUES (618, '2002-04-13 12:16:06.511', 'K. Hein', 'Goalkeeper', 9);
INSERT INTO public.jogador (id, data_nascimento, nome, posicao, equipa_id) VALUES (619, '2002-10-19 12:16:06.514', 'Wanya Mar├ºal', 'Midfielder', 12);
INSERT INTO public.jogador (id, data_nascimento, nome, posicao, equipa_id) VALUES (620, '2004-03-12 12:16:06.517', 'S. Braybrooke', 'Midfielder', 12);
INSERT INTO public.jogador (id, data_nascimento, nome, posicao, equipa_id) VALUES (621, '2003-01-03 12:16:06.52', 'O. Ewing', 'Midfielder', 12);
INSERT INTO public.jogador (id, data_nascimento, nome, posicao, equipa_id) VALUES (622, '2005-02-04 12:16:06.523', 'Will Alves', 'Midfielder', 12);
INSERT INTO public.jogador (id, data_nascimento, nome, posicao, equipa_id) VALUES (623, '1996-06-12 12:17:06.938', 'D. S├ínchez', 'Defender', 13);
INSERT INTO public.jogador (id, data_nascimento, nome, posicao, equipa_id) VALUES (624, '1992-07-08 12:17:06.945', 'Heung-Min Son', 'Midfielder', 13);
INSERT INTO public.jogador (id, data_nascimento, nome, posicao, equipa_id) VALUES (625, '1992-04-10 12:17:06.948', 'Sadio Man├®', 'Attacker', 7);
INSERT INTO public.jogador (id, data_nascimento, nome, posicao, equipa_id) VALUES (626, '1991-07-12 12:17:06.951', 'James David Rodr├¡guez Rubio', 'Midfielder', 11);
INSERT INTO public.jogador (id, data_nascimento, nome, posicao, equipa_id) VALUES (627, '1990-01-08 12:17:06.954', 'Robin Patrick Olsen', 'Goalkeeper', 21);
INSERT INTO public.jogador (id, data_nascimento, nome, posicao, equipa_id) VALUES (628, '1994-07-17 12:17:06.957', 'Victor J├Ârgen Nilsson Lindel├Âf', 'Defender', 3);
INSERT INTO public.jogador (id, data_nascimento, nome, posicao, equipa_id) VALUES (629, '1993-03-15 12:17:06.961', 'Paul Pogba', 'Midfielder', 3);
INSERT INTO public.jogador (id, data_nascimento, nome, posicao, equipa_id) VALUES (630, '1998-02-25 12:17:06.964', 'I. Sarr', 'Attacker', 5);
INSERT INTO public.jogador (id, data_nascimento, nome, posicao, equipa_id) VALUES (631, '1997-01-13 12:17:06.967', 'L. D├¡az', 'Attacker', 7);
INSERT INTO public.jogador (id, data_nascimento, nome, posicao, equipa_id) VALUES (632, '1995-02-18 12:17:06.97', 'R. R├║narsson', 'Goalkeeper', 9);
INSERT INTO public.jogador (id, data_nascimento, nome, posicao, equipa_id) VALUES (633, '1994-08-02 12:17:06.974', 'Emil Henry Kristoffer Krafth', 'Defender', 4);
INSERT INTO public.jogador (id, data_nascimento, nome, posicao, equipa_id) VALUES (634, '1989-12-21 12:17:06.977', 'Cheikhou Kouyat├®', 'Midfielder', 18);
INSERT INTO public.jogador (id, data_nascimento, nome, posicao, equipa_id) VALUES (635, '1992-06-23 12:17:06.981', 'Nampalys Mendy', 'Midfielder', 12);
INSERT INTO public.jogador (id, data_nascimento, nome, posicao, equipa_id) VALUES (636, '1990-03-29 12:17:06.984', 'Teemu Eino Antero Pukki', 'Attacker', 22);
INSERT INTO public.jogador (id, data_nascimento, nome, posicao, equipa_id) VALUES (637, '2000-11-15 12:17:06.986', 'Patrik Sigur├░ur Gunnarsson', 'Goalkeeper', 19);
INSERT INTO public.jogador (id, data_nascimento, nome, posicao, equipa_id) VALUES (638, '1999-06-18 12:17:06.99', 'M. Forss', 'Attacker', 19);
INSERT INTO public.jogador (id, data_nascimento, nome, posicao, equipa_id) VALUES (639, '1996-01-26 12:17:06.993', 'Hwang Hee-Chan', 'Midfielder', 6);
INSERT INTO public.jogador (id, data_nascimento, nome, posicao, equipa_id) VALUES (640, '2000-04-25 12:17:06.996', 'D. Kulusevski', 'Midfielder', 13);
INSERT INTO public.jogador (id, data_nascimento, nome, posicao, equipa_id) VALUES (641, '2002-04-27 12:17:06.999', 'A. Elanga', 'Attacker', 3);
INSERT INTO public.jogador (id, data_nascimento, nome, posicao, equipa_id) VALUES (642, '2003-04-27 12:17:07.002', 'Zidane Iqbal', 'Midfielder', 3);
INSERT INTO public.jogador (id, data_nascimento, nome, posicao, equipa_id) VALUES (643, '1994-03-11 12:17:07.238', 'A. Robertson', 'Defender', 7);
INSERT INTO public.jogador (id, data_nascimento, nome, posicao, equipa_id) VALUES (644, '1996-12-08 12:17:07.242', 'S. McTominay', 'Midfielder', 3);
INSERT INTO public.jogador (id, data_nascimento, nome, posicao, equipa_id) VALUES (645, '1998-01-01 12:17:07.245', 'E. Mwepu', 'Midfielder', 17);
INSERT INTO public.jogador (id, data_nascimento, nome, posicao, equipa_id) VALUES (646, '1996-04-12 12:17:07.248', 'J. Bednarek', 'Defender', 8);
INSERT INTO public.jogador (id, data_nascimento, nome, posicao, equipa_id) VALUES (647, '1990-06-13 12:17:07.252', 'Mateusz Andrzej Klich', 'Midfielder', 20);
INSERT INTO public.jogador (id, data_nascimento, nome, posicao, equipa_id) VALUES (648, '1994-05-13 12:17:07.255', 'Percy Muzi Tau', 'Attacker', 17);
INSERT INTO public.jogador (id, data_nascimento, nome, posicao, equipa_id) VALUES (649, '1992-01-15 12:17:07.258', 'Joshua Christian Kojo King', 'Attacker', 5);
INSERT INTO public.jogador (id, data_nascimento, nome, posicao, equipa_id) VALUES (650, '1992-03-30 12:17:07.262', 'Stuart Armstrong', 'Midfielder', 8);
INSERT INTO public.jogador (id, data_nascimento, nome, posicao, equipa_id) VALUES (651, '1994-08-04 12:17:07.265', 'Mohamed Amine Elyounoussi', 'Midfielder', 8);
INSERT INTO public.jogador (id, data_nascimento, nome, posicao, equipa_id) VALUES (652, '1991-11-20 12:17:07.268', 'Grant Hanley', 'Defender', 22);
INSERT INTO public.jogador (id, data_nascimento, nome, posicao, equipa_id) VALUES (653, '1991-08-30 12:17:07.271', 'Liam Cooper', 'Defender', 20);
INSERT INTO public.jogador (id, data_nascimento, nome, posicao, equipa_id) VALUES (654, '1994-10-18 12:17:07.275', 'J.  McGinn', 'Midfielder', 21);
INSERT INTO public.jogador (id, data_nascimento, nome, posicao, equipa_id) VALUES (655, '1997-08-07 12:17:07.277', 'M. Cash', 'Midfielder', 21);
INSERT INTO public.jogador (id, data_nascimento, nome, posicao, equipa_id) VALUES (656, '1996-07-13 12:17:07.281', 'C. Adams', 'Attacker', 8);
INSERT INTO public.jogador (id, data_nascimento, nome, posicao, equipa_id) VALUES (657, '1987-02-26 12:17:07.284', 'Juraj Kucka', 'Midfielder', 5);
INSERT INTO public.jogador (id, data_nascimento, nome, posicao, equipa_id) VALUES (658, '1998-12-17 12:17:07.287', 'M. ├ÿdegaard', 'Midfielder', 9);
INSERT INTO public.jogador (id, data_nascimento, nome, posicao, equipa_id) VALUES (659, '1998-03-23 12:17:07.291', 'P. P┼éacheta', 'Midfielder', 22);
INSERT INTO public.jogador (id, data_nascimento, nome, posicao, equipa_id) VALUES (660, '1996-05-28 12:17:07.293', 'M. Normann', 'Midfielder', 22);
INSERT INTO public.jogador (id, data_nascimento, nome, posicao, equipa_id) VALUES (661, '2001-06-11 12:17:07.297', 'B. Gilmour', 'Midfielder', 22);
INSERT INTO public.jogador (id, data_nascimento, nome, posicao, equipa_id) VALUES (662, '2001-10-16 12:17:07.301', 'N. Patterson', 'Defender', 11);
INSERT INTO public.jogador (id, data_nascimento, nome, posicao, equipa_id) VALUES (663, '1986-12-26 12:17:07.385', 'H. Lloris', 'Goalkeeper', 13);
INSERT INTO public.jogador (id, data_nascimento, nome, posicao, equipa_id) VALUES (664, '1992-12-24 12:17:07.388', 'Serge Alain St├®phane Aurier', 'Defender', 13);
INSERT INTO public.jogador (id, data_nascimento, nome, posicao, equipa_id) VALUES (665, '1993-02-27 12:17:07.392', 'Alphonse Areola', 'Goalkeeper', 14);
INSERT INTO public.jogador (id, data_nascimento, nome, posicao, equipa_id) VALUES (666, '1995-02-10 12:17:07.395', 'N. Ke├»ta', 'Midfielder', 7);
INSERT INTO public.jogador (id, data_nascimento, nome, posicao, equipa_id) VALUES (667, '1996-09-27 12:17:07.4', 'Gnaly Albert Maxwel Cornet', 'Attacker', 10);
INSERT INTO public.jogador (id, data_nascimento, nome, posicao, equipa_id) VALUES (668, '1993-04-25 12:17:07.404', 'Rapha├½l Varane', 'Defender', 3);
INSERT INTO public.jogador (id, data_nascimento, nome, posicao, equipa_id) VALUES (669, '1994-04-12 12:17:07.407', 'E. Bailly', 'Defender', 3);
INSERT INTO public.jogador (id, data_nascimento, nome, posicao, equipa_id) VALUES (670, '1993-06-20 12:17:07.411', 'Sead Kola┼íinac', 'Defender', 9);
INSERT INTO public.jogador (id, data_nascimento, nome, posicao, equipa_id) VALUES (671, '1996-05-12 12:17:07.415', 'K. Tsimikas', 'Defender', 7);
INSERT INTO public.jogador (id, data_nascimento, nome, posicao, equipa_id) VALUES (672, '1991-03-29 12:17:07.418', 'N. Kant├®', 'Midfielder', 15);
INSERT INTO public.jogador (id, data_nascimento, nome, posicao, equipa_id) VALUES (673, '1994-05-06 12:17:07.421', 'Mateo Kova─ìi─ç', 'Midfielder', 15);
INSERT INTO public.jogador (id, data_nascimento, nome, posicao, equipa_id) VALUES (674, '1995-10-17 12:17:07.424', 'D. Giannoulis', 'Defender', 22);
INSERT INTO public.jogador (id, data_nascimento, nome, posicao, equipa_id) VALUES (675, '1993-07-20 12:17:07.429', 'Lucas Digne', 'Defender', 21);
INSERT INTO public.jogador (id, data_nascimento, nome, posicao, equipa_id) VALUES (676, '1995-05-29 12:17:07.432', 'Nicolas P├®p├®', 'Attacker', 9);
INSERT INTO public.jogador (id, data_nascimento, nome, posicao, equipa_id) VALUES (677, '1992-11-10 12:17:07.438', 'Wilfried Zaha', 'Attacker', 18);
INSERT INTO public.jogador (id, data_nascimento, nome, posicao, equipa_id) VALUES (678, '1994-05-13 12:17:07.442', 'Percy Muzi Tau', 'Attacker', 17);
INSERT INTO public.jogador (id, data_nascimento, nome, posicao, equipa_id) VALUES (679, '1991-02-03 12:17:07.446', 'Willy-Arnaud Zobo Boly', 'Defender', 6);
INSERT INTO public.jogador (id, data_nascimento, nome, posicao, equipa_id) VALUES (680, '1992-03-31 12:17:07.449', 'Julian Jeanvier', 'Defender', 19);
INSERT INTO public.jogador (id, data_nascimento, nome, posicao, equipa_id) VALUES (681, '1994-03-05 12:17:07.452', 'H. Kamara', 'Defender', 5);
INSERT INTO public.jogador (id, data_nascimento, nome, posicao, equipa_id) VALUES (682, '1987-02-26 12:17:07.455', 'Juraj Kucka', 'Midfielder', 5);
INSERT INTO public.jogador (id, data_nascimento, nome, posicao, equipa_id) VALUES (683, '1998-10-07 12:17:07.584', 'T. Alexander-Arnold', 'Defender', 7);
INSERT INTO public.jogador (id, data_nascimento, nome, posicao, equipa_id) VALUES (684, '1991-06-28 12:17:07.588', 'Kevin De Bruyne', 'Midfielder', 16);
INSERT INTO public.jogador (id, data_nascimento, nome, posicao, equipa_id) VALUES (685, '1993-05-13 12:17:07.593', 'Romelu Lukaku Menama', 'Attacker', 15);
INSERT INTO public.jogador (id, data_nascimento, nome, posicao, equipa_id) VALUES (686, '1994-12-04 12:17:07.596', 'Leandro Trossard', 'Attacker', 17);
INSERT INTO public.jogador (id, data_nascimento, nome, posicao, equipa_id) VALUES (687, '1995-12-05 12:17:07.6', 'T. Castagne', 'Defender', 12);
INSERT INTO public.jogador (id, data_nascimento, nome, posicao, equipa_id) VALUES (688, '1995-04-15 12:17:07.603', 'Leander Dendoncker', 'Defender', 6);
INSERT INTO public.jogador (id, data_nascimento, nome, posicao, equipa_id) VALUES (689, '1994-05-14 12:17:07.606', 'Dennis Praet', 'Midfielder', 12);
INSERT INTO public.jogador (id, data_nascimento, nome, posicao, equipa_id) VALUES (690, '1997-05-07 12:17:07.609', 'Y. Tielemans', 'Midfielder', 12);
INSERT INTO public.jogador (id, data_nascimento, nome, posicao, equipa_id) VALUES (691, '1994-03-07 12:17:07.612', 'Jordan Pickford', 'Goalkeeper', 11);
INSERT INTO public.jogador (id, data_nascimento, nome, posicao, equipa_id) VALUES (692, '1993-02-25 12:17:07.616', 'Conor Coady', 'Defender', 6);
INSERT INTO public.jogador (id, data_nascimento, nome, posicao, equipa_id) VALUES (693, '1988-10-11 12:17:07.619', 'S├®amus Coleman', 'Defender', 11);
INSERT INTO public.jogador (id, data_nascimento, nome, posicao, equipa_id) VALUES (694, '1992-04-19 12:17:07.622', 'Nick Pope', 'Goalkeeper', 10);
INSERT INTO public.jogador (id, data_nascimento, nome, posicao, equipa_id) VALUES (695, '1992-01-31 12:17:07.625', 'Jeff Patrick Hendrick', 'Midfielder', 4);
INSERT INTO public.jogador (id, data_nascimento, nome, posicao, equipa_id) VALUES (696, '2000-07-06 12:17:07.628', 'M. Obafemi', 'Attacker', 8);
INSERT INTO public.jogador (id, data_nascimento, nome, posicao, equipa_id) VALUES (697, '1992-01-01 12:17:07.631', 'Shane Patrick Michael Duffy', 'Defender', 17);
INSERT INTO public.jogador (id, data_nascimento, nome, posicao, equipa_id) VALUES (698, '1991-02-02 12:17:07.635', 'Conor Hourihane', 'Midfielder', 21);
INSERT INTO public.jogador (id, data_nascimento, nome, posicao, equipa_id) VALUES (699, '2001-04-30 12:17:07.639', 'N. Collins', 'Defender', 10);
INSERT INTO public.jogador (id, data_nascimento, nome, posicao, equipa_id) VALUES (700, '1999-12-08 12:17:07.643', 'R. James', 'Defender', 15);
INSERT INTO public.jogador (id, data_nascimento, nome, posicao, equipa_id) VALUES (701, '1998-05-14 12:17:07.646', 'Aaron Ramsdale', 'Goalkeeper', 9);
INSERT INTO public.jogador (id, data_nascimento, nome, posicao, equipa_id) VALUES (702, '2000-07-13 12:17:07.65', 'M. Gu├®hi', 'Defender', 18);
INSERT INTO public.jogador (id, data_nascimento, nome, posicao, equipa_id) VALUES (703, '1990-09-19 12:17:07.743', 'Kieran Trippier', 'Defender', 4);
INSERT INTO public.jogador (id, data_nascimento, nome, posicao, equipa_id) VALUES (704, '1993-07-28 12:17:07.748', 'Harry Kane', 'Attacker', 13);
INSERT INTO public.jogador (id, data_nascimento, nome, posicao, equipa_id) VALUES (705, '1991-10-10 12:17:07.752', 'Xherdan Shaqiri', 'Midfielder', 7);
INSERT INTO public.jogador (id, data_nascimento, nome, posicao, equipa_id) VALUES (706, '1994-05-28 12:17:07.755', 'John Stones', 'Defender', 16);
INSERT INTO public.jogador (id, data_nascimento, nome, posicao, equipa_id) VALUES (707, '1990-05-28 12:17:07.758', 'Kyle Walker', 'Defender', 16);
INSERT INTO public.jogador (id, data_nascimento, nome, posicao, equipa_id) VALUES (708, '2000-05-28 12:17:07.762', 'P. Foden', 'Midfielder', 16);
INSERT INTO public.jogador (id, data_nascimento, nome, posicao, equipa_id) VALUES (709, '1994-12-08 12:17:07.766', 'Raheem Sterling', 'Attacker', 16);
INSERT INTO public.jogador (id, data_nascimento, nome, posicao, equipa_id) VALUES (710, '2001-09-05 12:17:07.769', 'B. Saka', 'Attacker', 9);
INSERT INTO public.jogador (id, data_nascimento, nome, posicao, equipa_id) VALUES (711, '1991-12-20 12:17:07.772', 'Fabian Lukas Sch├ñr', 'Defender', 4);
INSERT INTO public.jogador (id, data_nascimento, nome, posicao, equipa_id) VALUES (712, '1993-03-05 12:17:07.775', 'Harry Maguire', 'Defender', 3);
INSERT INTO public.jogador (id, data_nascimento, nome, posicao, equipa_id) VALUES (713, '1999-01-14 12:17:07.779', 'D. Rice', 'Midfielder', 14);
INSERT INTO public.jogador (id, data_nascimento, nome, posicao, equipa_id) VALUES (714, '1994-11-01 12:17:07.782', 'James Ward-Prowse', 'Midfielder', 8);
INSERT INTO public.jogador (id, data_nascimento, nome, posicao, equipa_id) VALUES (715, '1995-12-02 12:17:07.785', 'K. Phillips', 'Midfielder', 20);
INSERT INTO public.jogador (id, data_nascimento, nome, posicao, equipa_id) VALUES (716, '1995-09-10 12:17:07.789', 'J. Grealish', 'Midfielder', 16);
INSERT INTO public.jogador (id, data_nascimento, nome, posicao, equipa_id) VALUES (717, '1997-10-02 12:17:07.792', 'T. Abraham', 'Attacker', 15);
INSERT INTO public.jogador (id, data_nascimento, nome, posicao, equipa_id) VALUES (718, '1999-01-10 12:17:07.796', 'M. Mount', 'Midfielder', 15);
INSERT INTO public.jogador (id, data_nascimento, nome, posicao, equipa_id) VALUES (719, '1996-12-20 12:17:07.798', 'Jarrod Bowen', 'Attacker', 14);
INSERT INTO public.jogador (id, data_nascimento, nome, posicao, equipa_id) VALUES (720, '1998-02-23 12:17:07.802', 'J. Justin', 'Defender', 12);
INSERT INTO public.jogador (id, data_nascimento, nome, posicao, equipa_id) VALUES (721, '1997-10-08 12:17:07.805', 'B. White', 'Defender', 9);
INSERT INTO public.jogador (id, data_nascimento, nome, posicao, equipa_id) VALUES (722, '2000-02-06 12:17:07.808', 'C. Gallagher', 'Midfielder', 18);
INSERT INTO public.jogador (id, data_nascimento, nome, posicao, equipa_id) VALUES (723, '1996-06-22 12:17:07.894', 'Rodri', 'Midfielder', 16);
INSERT INTO public.jogador (id, data_nascimento, nome, posicao, equipa_id) VALUES (724, '1997-10-08 12:17:07.898', 'Steven Charles Bergwijn', 'Attacker', 13);
INSERT INTO public.jogador (id, data_nascimento, nome, posicao, equipa_id) VALUES (725, '1991-07-08 12:17:07.902', 'Virgil van Dijk', 'Defender', 7);
INSERT INTO public.jogador (id, data_nascimento, nome, posicao, equipa_id) VALUES (726, '1991-04-11 12:17:07.905', 'Thiago Alc├óntara do Nascimento', 'Midfielder', 7);
INSERT INTO public.jogador (id, data_nascimento, nome, posicao, equipa_id) VALUES (727, '1990-10-24 12:17:07.908', '─░lkay G├╝ndo─ƒan', 'Midfielder', 16);
INSERT INTO public.jogador (id, data_nascimento, nome, posicao, equipa_id) VALUES (728, '2000-02-29 12:17:07.912', 'Ferran Torres', 'Attacker', 16);
INSERT INTO public.jogador (id, data_nascimento, nome, posicao, equipa_id) VALUES (729, '1999-06-11 12:17:07.915', 'K. Havertz', 'Midfielder', 15);
INSERT INTO public.jogador (id, data_nascimento, nome, posicao, equipa_id) VALUES (730, '1996-03-06 12:17:07.918', 'Timo Werner', 'Attacker', 15);
INSERT INTO public.jogador (id, data_nascimento, nome, posicao, equipa_id) VALUES (731, '1992-09-27 12:17:07.922', 'Granit Xhaka', 'Midfielder', 9);
INSERT INTO public.jogador (id, data_nascimento, nome, posicao, equipa_id) VALUES (732, '1990-12-28 12:17:07.925', 'Marcos  Alonso Mendoza', 'Defender', 15);
INSERT INTO public.jogador (id, data_nascimento, nome, posicao, equipa_id) VALUES (733, '1989-08-28 12:17:07.929', 'C├®sar Azpilicueta Tanco', 'Defender', 15);
INSERT INTO public.jogador (id, data_nascimento, nome, posicao, equipa_id) VALUES (734, '1993-03-03 12:17:07.933', 'Antonio R├╝diger', 'Defender', 15);
INSERT INTO public.jogador (id, data_nascimento, nome, posicao, equipa_id) VALUES (735, '1986-11-05 12:17:07.936', 'K. Schmeichel', 'Goalkeeper', 12);
INSERT INTO public.jogador (id, data_nascimento, nome, posicao, equipa_id) VALUES (736, '1995-02-18 12:17:07.94', 'Nathan Benjamin Ak├®', 'Defender', 16);
INSERT INTO public.jogador (id, data_nascimento, nome, posicao, equipa_id) VALUES (737, '1997-11-18 12:17:07.943', 'Robert Lynch S├ínchez', 'Goalkeeper', 17);
INSERT INTO public.jogador (id, data_nascimento, nome, posicao, equipa_id) VALUES (738, '1988-04-03 12:17:07.946', 'T. Krul', 'Goalkeeper', 22);
INSERT INTO public.jogador (id, data_nascimento, nome, posicao, equipa_id) VALUES (739, '1995-09-15 12:17:07.949', 'David Raya Martin', 'Goalkeeper', 19);
INSERT INTO public.jogador (id, data_nascimento, nome, posicao, equipa_id) VALUES (740, '1992-08-07 12:17:07.952', 'Wout Fran├ºois Maria Weghorst', 'Attacker', 10);
INSERT INTO public.jogador (id, data_nascimento, nome, posicao, equipa_id) VALUES (741, '1993-08-16 12:17:07.955', 'Diego Llorente', 'Defender', 20);
INSERT INTO public.jogador (id, data_nascimento, nome, posicao, equipa_id) VALUES (742, '2001-09-10 12:17:07.958', 'A. Broja', 'Attacker', 8);
INSERT INTO public.jogador (id, data_nascimento, nome, posicao, equipa_id) VALUES (743, '1993-04-24 12:17:08.047', 'Benjamin Thomas Davies', 'Defender', 13);
INSERT INTO public.jogador (id, data_nascimento, nome, posicao, equipa_id) VALUES (744, '1992-02-14 12:17:08.05', 'Christian Dannemann Eriksen', 'Midfielder', 19);
INSERT INTO public.jogador (id, data_nascimento, nome, posicao, equipa_id) VALUES (745, '2000-02-28 12:17:08.054', 'M. Kean', 'Attacker', 11);
INSERT INTO public.jogador (id, data_nascimento, nome, posicao, equipa_id) VALUES (746, '1996-04-10 12:17:08.058', 'Andreas B├©dtker Christensen', 'Defender', 15);
INSERT INTO public.jogador (id, data_nascimento, nome, posicao, equipa_id) VALUES (747, '1994-08-03 12:17:08.062', 'Emerson Palmieri dos Santos', 'Defender', 15);
INSERT INTO public.jogador (id, data_nascimento, nome, posicao, equipa_id) VALUES (748, '1991-12-20 12:17:08.065', 'Jorge Luiz Frello Filho', 'Midfielder', 15);
INSERT INTO public.jogador (id, data_nascimento, nome, posicao, equipa_id) VALUES (749, '1996-05-31 12:17:08.069', 'Joachim Andersen', 'Defender', 18);
INSERT INTO public.jogador (id, data_nascimento, nome, posicao, equipa_id) VALUES (750, '1995-08-05 12:17:08.072', 'Pierre-Emile Kordt H├©jbjerg', 'Midfielder', 13);
INSERT INTO public.jogador (id, data_nascimento, nome, posicao, equipa_id) VALUES (751, '1993-06-22 12:17:08.076', 'Danny Ward', 'Goalkeeper', 12);
INSERT INTO public.jogador (id, data_nascimento, nome, posicao, equipa_id) VALUES (752, '1996-05-23 12:17:08.08', '├ç. S├Ây├╝nc├╝', 'Defender', 12);
INSERT INTO public.jogador (id, data_nascimento, nome, posicao, equipa_id) VALUES (753, '1987-01-24 12:17:08.083', 'Wayne Robert Hennessey', 'Goalkeeper', 10);
INSERT INTO public.jogador (id, data_nascimento, nome, posicao, equipa_id) VALUES (754, '1992-08-03 12:17:08.088', 'Jannik Vestergaard', 'Defender', 12);
INSERT INTO public.jogador (id, data_nascimento, nome, posicao, equipa_id) VALUES (755, '1997-10-22 12:17:08.093', 'J. Rodon', 'Defender', 13);
INSERT INTO public.jogador (id, data_nascimento, nome, posicao, equipa_id) VALUES (756, '1995-09-23 12:17:08.096', 'C. Roberts', 'Defender', 10);
INSERT INTO public.jogador (id, data_nascimento, nome, posicao, equipa_id) VALUES (757, '1999-01-07 12:17:08.1', 'M. S├©rensen', 'Defender', 19);
INSERT INTO public.jogador (id, data_nascimento, nome, posicao, equipa_id) VALUES (758, '2000-03-25 12:17:08.103', 'O. Kabak', 'Defender', 22);
INSERT INTO public.jogador (id, data_nascimento, nome, posicao, equipa_id) VALUES (759, '1994-03-10 12:17:08.107', 'Christian Thers N├©rgaard', 'Midfielder', 19);
INSERT INTO public.jogador (id, data_nascimento, nome, posicao, equipa_id) VALUES (760, '1999-12-08 12:17:08.11', 'H. Dervi┼ƒo─ƒlu', 'Attacker', 19);
INSERT INTO public.jogador (id, data_nascimento, nome, posicao, equipa_id) VALUES (761, '1996-01-01 12:17:08.114', 'M. Jensen', 'Midfielder', 19);
INSERT INTO public.jogador (id, data_nascimento, nome, posicao, equipa_id) VALUES (762, '2002-11-30 12:17:08.118', 'T. ├çukur', 'Attacker', 5);
INSERT INTO public.jogador (id, data_nascimento, nome, posicao, equipa_id) VALUES (763, '1998-09-18 12:17:08.207', 'C. Pulisic', 'Midfielder', 15);
INSERT INTO public.jogador (id, data_nascimento, nome, posicao, equipa_id) VALUES (764, '1993-04-24 12:17:08.212', 'Benjamin Thomas Davies', 'Defender', 13);
INSERT INTO public.jogador (id, data_nascimento, nome, posicao, equipa_id) VALUES (765, '1995-01-16 12:17:08.218', 'Takumi Minamino', 'Attacker', 7);
INSERT INTO public.jogador (id, data_nascimento, nome, posicao, equipa_id) VALUES (766, '1992-08-22 12:17:08.222', 'Vladim├¡r Coufal', 'Defender', 14);
INSERT INTO public.jogador (id, data_nascimento, nome, posicao, equipa_id) VALUES (767, '1995-02-27 12:17:08.226', 'T. Sou─ìek', 'Midfielder', 14);
INSERT INTO public.jogador (id, data_nascimento, nome, posicao, equipa_id) VALUES (768, '2000-09-14 12:17:08.229', 'E. Ampadu', 'Midfielder', 15);
INSERT INTO public.jogador (id, data_nascimento, nome, posicao, equipa_id) VALUES (769, '1989-09-16 12:17:08.232', 'Jos├® Salom├│n Rond├│n Gim├®nez', 'Attacker', 11);
INSERT INTO public.jogador (id, data_nascimento, nome, posicao, equipa_id) VALUES (770, '1994-02-10 12:17:08.236', 'M. Almir├│n', 'Midfielder', 4);
INSERT INTO public.jogador (id, data_nascimento, nome, posicao, equipa_id) VALUES (771, '1990-03-26 12:17:08.24', 'Romain Sa├»ss', 'Midfielder', 6);
INSERT INTO public.jogador (id, data_nascimento, nome, posicao, equipa_id) VALUES (772, '1993-09-01 12:17:08.244', 'William Paul Troost-Ekong', 'Defender', 5);
INSERT INTO public.jogador (id, data_nascimento, nome, posicao, equipa_id) VALUES (773, '1991-05-05 12:17:08.248', 'Ra├║l Alonso Jim├®nez Rodr├¡guez', 'Attacker', 6);
INSERT INTO public.jogador (id, data_nascimento, nome, posicao, equipa_id) VALUES (774, '1994-01-02 12:17:08.251', 'A. Masina', 'Defender', 5);
INSERT INTO public.jogador (id, data_nascimento, nome, posicao, equipa_id) VALUES (775, '1997-12-31 12:17:08.254', 'C. Carter-Vickers', 'Defender', 13);
INSERT INTO public.jogador (id, data_nascimento, nome, posicao, equipa_id) VALUES (776, '1997-10-22 12:17:08.259', 'J. Rodon', 'Defender', 13);
INSERT INTO public.jogador (id, data_nascimento, nome, posicao, equipa_id) VALUES (777, '1997-11-10 12:17:08.264', 'Daniel Owen James', 'Attacker', 20);
INSERT INTO public.jogador (id, data_nascimento, nome, posicao, equipa_id) VALUES (778, '2001-11-02 12:17:08.268', 'M. Caicedo', 'Midfielder', 17);
INSERT INTO public.jogador (id, data_nascimento, nome, posicao, equipa_id) VALUES (779, '1998-04-05 12:17:08.271', 'Nathan Paul Broadhead', 'Midfielder', 11);
INSERT INTO public.jogador (id, data_nascimento, nome, posicao, equipa_id) VALUES (780, '2001-04-13 12:17:08.274', 'N. Williams', 'Defender', 7);
INSERT INTO public.jogador (id, data_nascimento, nome, posicao, equipa_id) VALUES (781, '2002-06-16 12:17:08.278', 'J. Sarmiento', 'Attacker', 17);
INSERT INTO public.jogador (id, data_nascimento, nome, posicao, equipa_id) VALUES (782, '2003-10-01 12:17:08.282', 'M. Flores', 'Midfielder', 9);
INSERT INTO public.jogador (id, data_nascimento, nome, posicao, equipa_id) VALUES (783, '1995-12-05 12:17:08.362', 'T. Castagne', 'Defender', 12);
INSERT INTO public.jogador (id, data_nascimento, nome, posicao, equipa_id) VALUES (784, '1997-05-07 12:17:08.367', 'Y. Tielemans', 'Midfielder', 12);
INSERT INTO public.jogador (id, data_nascimento, nome, posicao, equipa_id) VALUES (785, '1994-12-21 12:17:08.373', 'D. Amartey', 'Defender', 12);
INSERT INTO public.jogador (id, data_nascimento, nome, posicao, equipa_id) VALUES (786, '1993-10-06 12:17:08.378', 'Ricardo Pereira', 'Defender', 12);
INSERT INTO public.jogador (id, data_nascimento, nome, posicao, equipa_id) VALUES (787, '1988-01-03 12:17:08.382', 'Jonathan Grant  Evans', 'Defender', 12);
INSERT INTO public.jogador (id, data_nascimento, nome, posicao, equipa_id) VALUES (788, '1996-05-23 12:17:08.387', '├ç. S├Ây├╝nc├╝', 'Defender', 12);
INSERT INTO public.jogador (id, data_nascimento, nome, posicao, equipa_id) VALUES (789, '1989-11-18 12:17:08.392', 'Marc Albrighton', 'Midfielder', 12);
INSERT INTO public.jogador (id, data_nascimento, nome, posicao, equipa_id) VALUES (790, '1997-12-09 12:17:08.396', 'H. Barnes', 'Midfielder', 12);
INSERT INTO public.jogador (id, data_nascimento, nome, posicao, equipa_id) VALUES (791, '1997-10-01 12:17:08.4', 'H. Choudhury', 'Midfielder', 12);
INSERT INTO public.jogador (id, data_nascimento, nome, posicao, equipa_id) VALUES (792, '1996-11-23 12:17:08.405', 'J. Maddison', 'Midfielder', 12);
INSERT INTO public.jogador (id, data_nascimento, nome, posicao, equipa_id) VALUES (793, '1992-06-23 12:17:08.409', 'Nampalys Mendy', 'Midfielder', 12);
INSERT INTO public.jogador (id, data_nascimento, nome, posicao, equipa_id) VALUES (794, '1996-12-16 12:17:08.415', 'W. Ndidi', 'Midfielder', 12);
INSERT INTO public.jogador (id, data_nascimento, nome, posicao, equipa_id) VALUES (795, '1989-08-05 12:17:08.42', 'Ryan Bertrand', 'Defender', 12);
INSERT INTO public.jogador (id, data_nascimento, nome, posicao, equipa_id) VALUES (796, '1992-08-03 12:17:08.425', 'Jannik Vestergaard', 'Defender', 12);
INSERT INTO public.jogador (id, data_nascimento, nome, posicao, equipa_id) VALUES (797, '1999-02-27 12:17:08.429', 'B. Soumar├®', 'Midfielder', 12);
INSERT INTO public.jogador (id, data_nascimento, nome, posicao, equipa_id) VALUES (798, '2000-11-06 12:17:08.434', 'L. Brunt', 'Midfielder', 12);
INSERT INTO public.jogador (id, data_nascimento, nome, posicao, equipa_id) VALUES (799, '1998-09-06 12:17:08.441', 'K. Dewsbury-Hall', 'Midfielder', 12);
INSERT INTO public.jogador (id, data_nascimento, nome, posicao, equipa_id) VALUES (800, '2001-06-10 12:17:08.446', 'L. Thomas', 'Defender', 12);
INSERT INTO public.jogador (id, data_nascimento, nome, posicao, equipa_id) VALUES (801, '2004-03-18 12:17:08.45', 'B. Nelson', 'Defender', 12);
INSERT INTO public.jogador (id, data_nascimento, nome, posicao, equipa_id) VALUES (802, '2005-02-04 12:17:08.455', 'Will Alves', 'Midfielder', 12);
INSERT INTO public.jogador (id, data_nascimento, nome, posicao, equipa_id) VALUES (803, '1995-09-06 12:17:08.543', 'Bertrand Isidore Traor├®', 'Attacker', 21);
INSERT INTO public.jogador (id, data_nascimento, nome, posicao, equipa_id) VALUES (804, '1996-01-01 12:17:08.548', 'Andreas Pereira', 'Midfielder', 3);
INSERT INTO public.jogador (id, data_nascimento, nome, posicao, equipa_id) VALUES (805, '1997-08-09 12:17:08.551', 'L. Bailey', 'Attacker', 21);
INSERT INTO public.jogador (id, data_nascimento, nome, posicao, equipa_id) VALUES (806, '1998-06-03 12:17:08.555', 'E. Kayembe', 'Midfielder', 5);
INSERT INTO public.jogador (id, data_nascimento, nome, posicao, equipa_id) VALUES (807, '1998-06-15 12:17:08.56', 'M. Djenepo', 'Midfielder', 8);
INSERT INTO public.jogador (id, data_nascimento, nome, posicao, equipa_id) VALUES (808, '1988-08-09 12:17:08.563', 'Willian', 'Attacker', 9);
INSERT INTO public.jogador (id, data_nascimento, nome, posicao, equipa_id) VALUES (809, '1993-01-01 12:17:08.567', 'Abdoulaye Doucour├®', 'Midfielder', 11);
INSERT INTO public.jogador (id, data_nascimento, nome, posicao, equipa_id) VALUES (810, '1991-12-07 12:17:08.571', 'Christopher Grant Wood', 'Attacker', 4);
INSERT INTO public.jogador (id, data_nascimento, nome, posicao, equipa_id) VALUES (811, '1996-08-30 12:17:08.574', 'Y. Bissouma', 'Midfielder', 17);
INSERT INTO public.jogador (id, data_nascimento, nome, posicao, equipa_id) VALUES (812, '1996-09-03 12:17:08.579', 'Yoane Wissa', 'Attacker', 19);
INSERT INTO public.jogador (id, data_nascimento, nome, posicao, equipa_id) VALUES (813, '1996-06-28 12:17:08.583', 'M. Rashica', 'Midfielder', 22);
INSERT INTO public.jogador (id, data_nascimento, nome, posicao, equipa_id) VALUES (814, '1988-07-03 12:17:08.586', 'W. Reid', 'Defender', 14);
INSERT INTO public.jogador (id, data_nascimento, nome, posicao, equipa_id) VALUES (815, '1999-07-26 12:17:08.589', 'Jaime Alberto Alvarado Hoyos', 'Midfielder', 5);
